Name,ID,source_id,inrt,Prob,ra,dec,pmra,pmdec,parallax,phot_g_mean_mag,phot_bp_mean_mag,phot_rp_mean_mag,RV,_RA.icrs,_DE.icrs
NGC_957             ,4463,457915673507144064,1,0.7966622247728349,39.09467102,57.552416,-0.21108608,-1.13193357,0.41694611,13.926045,14.320102,13.345904,            ,39.09467277,57.5524211
NGC_957             ,4463,457915707866873216,1,0.6952689585854182,39.10773176,57.5724898,-0.35309946,-1.1364362,0.41516165,14.51618,14.907706,13.938522,            ,39.10773469,57.5724949
NGC_957             ,4463,457915772285067904,1,0.7116595284304094,39.09117531,57.5710641,-0.13480006,-1.1487122,0.38807272,18.44743,19.643246,17.385868,            ,39.09117643,57.5710692
NGC_957             ,4463,457919075121767552,1,0.7306175961026167,39.53634394,57.6200348,-0.14714105,-1.10672807,0.41830874,16.304884,16.831062,15.606441,            ,39.53634516,57.6200397
NGC_957             ,4463,457919727956225792,1,0.690100362054422,39.44751697,57.6125611,-0.15390666,-1.10251759,0.43436965,14.809035,15.149527,14.283753,            ,39.44751825,57.612566
NGC_957             ,4463,457920415151033088,1,0.6844979679504875,39.22978463,57.5480532,-0.17589752,-1.12150865,0.36911667,15.716501,16.170658,15.088412,            ,39.22978609,57.5480582
NGC_957             ,4463,457920999262497792,1,0.8361241262238353,39.29623067,57.6041071,-0.12213496,-1.10556236,0.41209646,15.355403,15.726951,14.78037,            ,39.29623168,57.604112
NGC_957             ,4463,457921617741866368,1,0.763521972685964,39.13936015,57.5816483,-0.07850214,-1.07741746,0.4025104,15.895863,16.398052,15.222001,            ,39.1393608,57.5816531
NGC_957             ,4463,457921755180804352,1,0.7118385105624789,39.16861546,57.6138124,-0.28283728,-1.17846667,0.4040378,16.616169,17.421618,15.747436,            ,39.1686178,57.6138176
NGC_957             ,4463,457922133137921152,1,0.8361241262238353,39.18651383,57.6232558,-0.18035632,-1.07378986,0.41168064,13.852071,14.239178,13.278119,            ,39.18651532,57.6232606
NGC_957             ,4463,457922236217129472,1,0.8121705256912752,39.16429861,57.6444352,-0.23309106,-1.11809432,0.42289518,17.813902,18.815144,16.833576,            ,39.16430055,57.6444401
NGC_957             ,4463,457922579814499584,1,0.7540499271038608,39.38113599,57.6443848,-0.05613002,-1.08760726,0.41438905,16.467115,17.076788,15.697955,            ,39.38113646,57.6443897
NGC_957             ,4463,457922614174246656,1,0.6955360360734152,39.34436078,57.6314743,-0.20338921,-1.18019724,0.38026574,17.054653,17.711004,16.265537,            ,39.34436247,57.6314795
NGC_957             ,4463,457923026491089280,1,0.7621949983417537,39.38649003,57.6663469,-0.16373855,-1.1535391,0.42059345,16.160149,16.686491,15.460462,            ,39.38649139,57.666352
NGC_957             ,4463,457924263441648896,1,0.72891655140647,39.33858088,57.7372522,-0.15514436,-1.01703371,0.39711142,14.798617,15.251582,14.160986,            ,39.33858217,57.7372567
NGC_957             ,4463,457928489690011264,1,0.6991906554308287,39.98722372,57.6131717,-0.05953988,-1.15228343,0.41956746,14.843536,15.178049,14.329086,            ,39.98722421,57.6131769
NGC_957             ,4463,457931719505378816,1,0.786256803956421,39.84571786,57.6658589,-0.06531262,-1.1349076,0.41588031,13.742618,14.08086,13.219295,            ,39.8457184,57.6658639
NGC_957             ,4463,457932887736436096,1,0.7495164288855606,39.84770633,57.7074126,-0.03503166,-1.15274679,0.41465894,18.180573,18.940681,17.343332,            ,39.84770662,57.7074177
NGC_957             ,4463,457934365205147008,1,0.7574595350497614,40.16919598,57.6954803,-0.03241246,-1.11936739,0.40763813,13.317424,13.567609,12.903587,            ,40.16919625,57.6954853
NGC_957             ,4463,457937972977663488,1,0.6909216426163329,40.02157979,57.7295423,-0.09665842,-1.03660114,0.39641207,13.58208,13.966416,13.014443,            ,40.0215806,57.7295469
NGC_957             ,4463,457938007337406080,1,0.7573997371018599,39.96785818,57.7315653,-0.08547455,-1.03857315,0.41081866,13.655238,13.926846,13.207704,            ,39.9678589,57.73157
NGC_957             ,4463,457938041697123200,1,0.7149748897973778,39.99762067,57.7511186,0.01718315,-1.09159497,0.419557,15.997476,16.46987,15.349412,            ,39.99762053,57.7511235
NGC_957             ,4463,457938385294492032,1,0.7684317139914114,40.03845463,57.761573,-0.10801992,-1.12256196,0.40493576,10.38522,10.802215,9.758197,            ,40.03845553,57.761578
NGC_957             ,4463,457938935050329344,1,0.786256803956421,39.92148623,57.7521103,-0.05763635,-1.08326603,0.40376042,13.582118,13.853544,13.139118,            ,39.92148671,57.7521151
NGC_957             ,4463,457939106848994688,1,0.7198298076647544,39.90051184,57.7844312,-0.18637773,-1.05159971,0.42203473,13.574744,13.86495,13.110218,            ,39.9005134,57.7844358
NGC_957             ,4463,457939343068113664,1,0.6875616289729582,39.91080057,57.7964711,-0.03696475,-1.17148101,0.40971199,18.365295,18.775955,17.814632,            ,39.91080088,57.7964763
NGC_957             ,4463,457939759683988224,1,0.730728944356895,39.94484343,57.8270064,-0.06951523,-1.01819914,0.40739063,14.273097,14.623332,13.74145,            ,39.94484401,57.827011
NGC_957             ,4463,457939828403457536,1,0.7111850681402215,39.90945385,57.8445506,-0.08173018,-1.09074384,0.43601135,14.159926,14.480776,13.657119,            ,39.90945453,57.8445555
NGC_957             ,4463,457943882852751360,1,0.7200009227429428,39.58717549,57.7098498,-0.15019254,-1.12393529,0.39535352,16.468601,17.074375,15.713709,            ,39.58717674,57.7098548
NGC_957             ,4463,457944020291671168,1,0.8239703349684527,39.61778477,57.7367831,-0.12324515,-1.14705926,0.40670128,13.022075,13.336106,12.528421,            ,39.6177858,57.7367882
NGC_957             ,4463,457945875719165824,1,0.7724772550133062,39.58449173,57.7918846,-0.21272851,-1.08186094,0.41183302,19.994452,20.844423,19.064018,            ,39.5844935,57.7918894
NGC_957             ,4463,457946700350801536,1,0.8361241262238353,39.44844596,57.7246421,-0.11647904,-1.11829608,0.42510207,14.416991,14.794914,13.778173,            ,39.44844692,57.7246471
NGC_957             ,4463,457947043948173440,1,0.6836258867683134,39.46073349,57.7638844,-0.19807262,-1.18979372,0.41770789,10.896482,11.142998,10.475556,            ,39.46073514,57.7638897
NGC_957             ,4463,457947250106602752,1,0.7290376014178453,39.50532921,57.7598827,-0.11093048,-1.02975561,0.44433374,14.923242,15.313475,14.344379,            ,39.50533014,57.7598873
NGC_957             ,4463,457947490624769920,1,0.8361241262238353,39.45710837,57.7717056,-0.11035328,-1.10064902,0.40947891,13.182246,13.466552,12.719515,            ,39.45710929,57.7717105
NGC_957             ,4463,457947593706084352,1,0.7179755028964487,39.50868243,57.8001553,-0.10887333,-1.09605969,0.4399721,18.715994,19.680918,17.707352,            ,39.50868334,57.8001602
NGC_957             ,4463,457948109100057344,1,0.8361241262238353,39.37280791,57.7977312,-0.19068379,-1.07876865,0.41141403,14.900144,15.262546,14.350342,            ,39.3728095,57.797736
NGC_957             ,4463,457948276598071168,1,0.715335035807859,39.45854849,57.796983,-0.05184239,-1.16972157,0.41364927,17.77237,18.756311,16.780897,            ,39.45854892,57.7969882
NGC_957             ,4463,457948865014291584,1,0.7760062981401893,39.54850844,57.8054806,-0.10237208,-1.13172388,0.43192024,15.776407,16.210672,15.157873,            ,39.5485093,57.8054856
NGC_957             ,4463,457948968093500160,1,0.7849567061284602,39.59809445,57.8312079,-0.13816105,-1.09834085,0.43594378,13.889055,14.198936,13.397276,            ,39.5980956,57.8312127
NGC_957             ,4463,457949002453237888,1,0.7757634734888949,39.57915985,57.8348299,-0.07586787,-1.1133928,0.42620469,16.417915,17.015827,15.675821,            ,39.57916048,57.8348348
NGC_957             ,4463,457949998885647488,1,0.7864156015675142,39.48373068,57.8577588,-0.11005365,-1.12550948,0.40828067,16.059338,16.489386,15.259418,            ,39.4837316,57.8577638
NGC_957             ,4463,457950067605117056,1,0.7454134793348622,39.53642744,57.8768824,-0.09913081,-1.06082131,0.40665516,14.624697,14.942032,14.060259,            ,39.53642827,57.8768871
NGC_957             ,4463,457951235836606208,1,0.7367406508659167,39.84023542,57.8364486,-0.08741017,-1.06676194,0.44254332,14.939892,15.280794,14.41209,            ,39.84023615,57.8364533
NGC_957             ,4463,457951270197579520,1,0.7648539138575047,39.79290413,57.8129628,-0.15892106,-1.084233,0.41002012,16.73866,17.388449,15.880308,            ,39.79290546,57.8129676
NGC_957             ,4463,457952472787163008,1,0.7568614402726161,39.71986927,57.8909611,-0.08898509,-1.07539829,0.41867291,15.107568,15.436696,14.597391,            ,39.71987001,57.8909659
NGC_957             ,4463,457993807553597184,1,0.6964999731877878,37.90957245,57.3333795,-0.24273806,-1.15886701,0.40517561,17.121042,17.853428,16.28991,            ,37.90957445,57.3333846
NGC_957             ,4463,458002569287793152,1,0.800982441562586,38.44556381,57.3374775,-0.29174329,-1.10371523,0.41693675,15.391759,15.90536,14.701731,            ,38.44556621,57.3374824
NGC_957             ,4463,458003187763094656,1,0.6935231481778005,38.28768382,57.3426222,-0.39829924,-1.01152984,0.43966206,17.122965,17.917538,16.259502,            ,38.2876871,57.3426267
NGC_957             ,4463,458006894309864704,1,0.7921239382585971,38.7618717,57.4172321,-0.28718457,-1.1535116,0.413139,14.742738,15.110634,14.096927,            ,38.76187407,57.4172372
NGC_957             ,4463,458007448370790272,1,0.8033318011885107,38.64773307,57.4148788,-0.3259245,-1.07599075,0.43515445,17.726254,18.499573,16.861742,            ,38.64773576,57.4148836
NGC_957             ,4463,458008062541226624,1,0.7522183517282502,38.74093517,57.4629033,-0.27188663,-1.09483118,0.35276719,16.951267,17.794128,16.048933,            ,38.74093742,57.4629082
NGC_957             ,4463,458008101205804160,1,0.7730585767614125,38.71267122,57.4693781,-0.29689517,-1.16212386,0.4177226,14.045645,14.451284,13.455318,            ,38.71267367,57.4693832
NGC_957             ,4463,458009063278300160,1,0.8081610161148837,38.50453278,57.3932331,-0.32167535,-1.168684,0.44151392,16.420927,17.084827,15.627402,            ,38.50453543,57.3932383
NGC_957             ,4463,458009784832780544,1,0.8854117600934663,38.4197676,57.4361487,-0.34209254,-1.09936043,0.40615502,10.944648,11.268476,10.436509,            ,38.41977043,57.4361536
NGC_957             ,4463,458009784833003136,1,1.0,38.41397328,57.4359794,-0.33701019,-1.15106968,0.43999077,15.484371,15.966365,14.815417,            ,38.41397606,57.4359845
NGC_957             ,4463,458009819192534016,1,0.6886609515031792,38.47976038,57.4095079,-0.2990046,-1.11036934,0.35216337,16.374737,17.00198,15.603221,            ,38.47976285,57.4095129
NGC_957             ,4463,458009922271731968,1,0.8697069229708341,38.46287465,57.4325801,-0.31779408,-1.08356333,0.37647325,15.57066,16.061226,14.90838,            ,38.46287728,57.4325849
NGC_957             ,4463,458010025350933760,1,1.0,38.49141782,57.4441751,-0.32011494,-1.11223391,0.44510144,18.39319,19.344433,17.420866,            ,38.49142047,57.4441801
NGC_957             ,4463,458010128430155904,1,0.7431788206385133,38.45806882,57.440957,-0.21796482,-1.0624889,0.38072986,15.281283,15.739571,14.636766,            ,38.45807062,57.4409617
NGC_957             ,4463,458010197149623424,1,1.0,38.43714687,57.4533503,-0.32557099,-1.09070763,0.46114846,16.825735,17.61384,15.951424,            ,38.43714956,57.4533551
NGC_957             ,4463,458010197152415872,1,1.0,38.42846644,57.4625,-0.29210236,-1.07979729,0.44229941,15.951895,16.463297,15.271702,            ,38.42846885,57.4625048
NGC_957             ,4463,458010265869085952,1,0.9261978435611908,38.47771772,57.4685442,-0.3185772,-1.12770342,0.40665424,14.938556,15.428244,14.267813,            ,38.47772036,57.4685492
NGC_957             ,4463,458010987423827968,1,0.7520387158193059,38.65313273,57.474305,-0.35228033,-1.1913315,0.45789102,12.455827,12.737761,12.003891,            ,38.65313564,57.4743103
NGC_957             ,4463,458011021783565056,1,0.7735549690351899,38.65591616,57.479185,-0.21111892,-1.17506594,0.41931928,14.294161,14.630965,13.776294,            ,38.65591791,57.4791902
NGC_957             ,4463,458011331021205888,1,0.8844220254995431,38.65944769,57.5046059,-0.28380407,-1.0949531,0.42182642,15.417648,15.855134,14.791623,            ,38.65945004,57.5046107
NGC_957             ,4463,458011434100418816,1,0.8033318011885107,38.65126737,57.5256634,-0.28853203,-1.05176315,0.41845708,13.935825,14.325761,13.357216,            ,38.65126976,57.5256681
NGC_957             ,4463,458011434100419200,1,0.7619117529476248,38.64666969,57.5210897,-0.16642686,-1.16383416,0.40291679,17.220213,18.048084,16.335188,            ,38.64667107,57.5210948
NGC_957             ,4463,458011464159728000,1,0.721989044003052,38.54515289,57.4608728,-0.39767907,-1.00670953,0.40603508,18.426128,19.470747,17.41616,            ,38.54515618,57.4608772
NGC_957             ,4463,458011502819660160,1,0.7688899659030726,38.53175674,57.4715965,-0.28325281,-1.0293022,0.38351585,16.068377,16.578327,15.374539,            ,38.53175909,57.471601
NGC_957             ,4463,458011605898859904,1,0.7261476544007285,38.56047763,57.4887644,-0.20631547,-1.14402065,0.48753509,17.038052,17.758894,16.205153,            ,38.56047934,57.4887695
NGC_957             ,4463,458011674618335744,1,0.8059041647198539,38.5473966,57.4915578,-0.29573574,-1.01484664,0.45013011,16.409706,17.034021,15.632251,            ,38.54739905,57.4915623
NGC_957             ,4463,458011777697554176,1,0.760688169242094,38.51560802,57.4909721,-0.34834055,-1.13315189,0.36009054,16.17522,16.746668,15.44545,            ,38.5156109,57.4909771
NGC_957             ,4463,458011812057291520,1,1.0,38.48235109,57.4961658,-0.25134091,-1.09800148,0.44861459,14.809228,15.198593,14.22901,            ,38.48235317,57.4961707
NGC_957             ,4463,458011846417021824,1,1.0,38.47872998,57.5075944,-0.30837823,-1.1932596,0.45306157,14.698224,15.168181,14.036523,            ,38.47873253,57.5075997
NGC_957             ,4463,458012052575427072,1,0.8529083609506058,38.59305081,57.5226934,-0.33575637,-1.07231187,0.39045086,14.959185,15.35647,14.373252,            ,38.59305359,57.5226982
NGC_957             ,4463,458012258733832448,1,1.0,38.61189087,57.5523009,-0.33224919,-1.15829903,0.41289745,14.647248,15.01752,14.093548,            ,38.61189362,57.552306
NGC_957             ,4463,458012293093602048,1,1.0,38.54845573,57.5236428,-0.2785913,-1.09736067,0.43664757,16.92632,17.643215,16.09115,            ,38.54845803,57.5236476
NGC_957             ,4463,458012361813063168,1,0.7744917010375819,38.52871318,57.5458637,-0.19948083,-1.15609547,0.37837839,16.667423,17.349062,15.868259,            ,38.52871484,57.5458688
NGC_957             ,4463,458012396172798080,1,1.0,38.55252415,57.5462877,-0.26643673,-1.13077925,0.41383954,14.690152,15.043903,14.150969,            ,38.55252635,57.5462927
NGC_957             ,4463,458012464892256128,1,0.927831807412922,38.57878268,57.5680131,-0.38529993,-1.12775094,0.40908253,16.953344,17.689674,16.097689,            ,38.57878588,57.5680181
NGC_957             ,4463,458013564404094720,1,0.7273852495057215,38.18652066,57.3366983,-0.26946028,-1.16082959,0.41999871,16.82662,17.60495,15.963413,            ,38.18652288,57.3367035
NGC_957             ,4463,458013770562566272,1,0.68632561264048,38.04399698,57.2911429,-0.20832387,-1.11593149,0.38264743,14.034997,14.364757,13.526381,            ,38.0439987,57.2911479
NGC_957             ,4463,458014457757286144,1,0.7499129257856428,38.1369452,57.3543619,-0.26877475,-1.08991178,0.43259966,15.506435,15.949986,14.875784,            ,38.13694742,57.3543667
NGC_957             ,4463,458014973153348096,1,0.8396657332887179,38.24221563,57.3583456,-0.25158601,-1.10672498,0.4249661,16.61079,17.340528,15.741021,            ,38.24221771,57.3583506
NGC_957             ,4463,458015248031238400,1,0.8472571000588854,38.21078195,57.3856594,-0.29458348,-1.07939993,0.4007338,14.756104,15.225957,14.106778,            ,38.21078438,57.3856642
NGC_957             ,4463,458015282390973696,1,0.9095241465848772,38.21940303,57.3886162,-0.32366871,-1.14251507,0.42681474,15.184331,15.651608,14.532975,            ,38.2194057,57.3886213
NGC_957             ,4463,458016549399162112,1,0.966353190036832,38.2494767,57.4309417,-0.29689752,-1.11509322,0.40458093,16.0745,16.570053,15.349815,            ,38.24947915,57.4309467
NGC_957             ,4463,458016588060987904,1,1.0,38.26103881,57.4443204,-0.3664693,-1.11445039,0.43355324,13.30306,13.637765,12.784367,            ,38.26104184,57.4443254
NGC_957             ,4463,458017687572666624,1,0.750469557296394,38.09134295,57.3950427,-0.34414649,-1.11831234,0.45345824,16.808416,17.520868,15.977596,            ,38.09134578,57.3950477
NGC_957             ,4463,458017756292135680,1,0.8143591844482276,38.06347623,57.4104569,-0.27098467,-1.07543607,0.40275659,15.471327,15.909031,14.855971,            ,38.06347847,57.4104617
NGC_957             ,4463,458017756292135936,1,0.9393677369050119,38.0708228,57.4087455,-0.23895412,-1.1296153,0.4133764,17.226274,18.08142,16.328997,            ,38.07082477,57.4087505
NGC_957             ,4463,458017859371362944,1,0.6959202947309682,37.98591649,57.4006115,-0.3904002,-1.16902104,0.42068031,11.893614,12.173647,11.439658,            ,37.98591971,57.4006167
NGC_957             ,4463,458018542262985088,1,0.6866950330189822,37.88904969,57.4288768,-0.37386384,-1.17755128,0.40995225,12.320739,12.622479,11.847611,            ,37.88905278,57.428882
NGC_957             ,4463,458019199393796096,1,0.8054198707890443,38.09948555,57.4281016,-0.32458755,-1.05107166,0.40730828,15.75966,16.154863,15.051013,            ,38.09948823,57.4281063
NGC_957             ,4463,458019302480338432,1,0.6956096075707575,38.13492316,57.4358867,-0.23035836,-0.98414515,0.41538941,16.090471,16.603264,15.409961,            ,38.13492507,57.435891
NGC_957             ,4463,458019542998761984,1,0.9095241465848772,38.04869377,57.4623583,-0.35401037,-1.12927351,0.41315518,15.031589,15.432503,14.449523,            ,38.04869669,57.4623633
NGC_957             ,4463,458019611717961216,1,0.9144245054048828,38.09513641,57.4693905,-0.24289747,-1.1387737,0.43643615,16.358019,16.978224,15.594701,            ,38.09513842,57.4693956
NGC_957             ,4463,458019783516650496,1,0.8154903469888674,38.13727978,57.4668584,-0.34214658,-1.03638957,0.44215424,16.428207,17.169632,15.587162,            ,38.13728261,57.466863
NGC_957             ,4463,458019852236111616,1,0.9544020017377528,38.18533085,57.4787542,-0.29145301,-1.10588189,0.45446508,15.034917,15.420552,14.464298,            ,38.18533326,57.4787591
NGC_957             ,4463,458019916653812096,1,0.8252820391254804,38.15439877,57.4915078,-0.1739312,-1.15252339,0.44335881,17.589098,18.448402,16.654577,            ,38.15440021,57.4915129
NGC_957             ,4463,458020122812272384,1,0.8916618304786584,38.1367396,57.503892,-0.28655554,-1.0759604,0.38369972,16.751305,17.410168,15.958495,            ,38.13674197,57.5038968
NGC_957             ,4463,458020505071132672,1,0.8758156058356547,38.0322307,57.5069153,-0.25122559,-1.10950796,0.42396694,15.953913,16.470245,15.268126,            ,38.03223278,57.5069202
NGC_957             ,4463,458020711229554944,1,1.0,38.03700542,57.5173334,-0.27741739,-1.12723535,0.41080602,15.482453,15.931912,14.852843,            ,38.03700771,57.5173384
NGC_957             ,4463,458020951747708032,1,1.0,38.11534627,57.5316409,-0.38505779,-1.10951954,0.41523418,13.142781,13.473539,12.628293,            ,38.11534946,57.5316458
NGC_957             ,4463,458021054826903296,1,1.0,38.09721871,57.5582148,-0.33515266,-1.11552395,0.40971291,16.568373,17.233833,15.767507,            ,38.09722149,57.5582197
NGC_957             ,4463,458021295345076992,1,0.9703636629602848,38.05070141,57.5585162,-0.28413935,-1.10249893,0.42435181,16.138695,16.726057,15.392624,            ,38.05070377,57.5585211
NGC_957             ,4463,458021535863298304,1,0.9428904549012872,38.3841478,57.4461264,-0.4060589,-1.07207622,0.44917086,17.01316,17.74411,16.185888,            ,38.38415116,57.4461312
NGC_957             ,4463,458021604582766720,1,0.8585020161446919,38.3779036,57.4560431,-0.26958748,-1.0632515,0.48285344,16.108654,16.62743,15.428429,            ,38.37790583,57.4560479
NGC_957             ,4463,458021742021729280,1,0.9134984065229512,38.31264149,57.4543098,-0.39226125,-1.15732781,0.41539846,13.915699,14.254382,13.398009,            ,38.31264473,57.4543149
NGC_957             ,4463,458021776381456384,1,0.9098623120557956,38.34163347,57.4629808,-0.21086869,-1.07861944,0.41981121,14.780012,15.150293,14.227463,            ,38.34163522,57.4629856
NGC_957             ,4463,458021845100927104,1,0.8539552855143157,38.31123783,57.4729906,-0.20198248,-1.03618446,0.39625911,15.2893,15.685234,14.711719,            ,38.3112395,57.4729952
NGC_957             ,4463,458021909518470528,1,0.8075759310601242,38.40223425,57.4599093,-0.41118664,-1.01961277,0.44675833,18.57633,19.472616,17.645008,            ,38.40223765,57.4599139
NGC_957             ,4463,458021909518492416,1,0.9676484163016144,38.40382425,57.4646747,-0.3062574,-1.18741855,0.41812423,17.125664,17.925993,16.246311,            ,38.40382679,57.4646799
NGC_957             ,4463,458021982539875584,1,0.9661395080676028,38.39303078,57.4700066,-0.25695168,-1.05860085,0.4588016,14.754954,15.160647,14.169641,            ,38.3930329,57.4700113
NGC_957             ,4463,458022051259344640,1,0.8331216618079598,38.42486048,57.4770164,-0.45479429,-1.09944432,0.42485899,15.766148,16.3583,15.016732,            ,38.42486424,57.4770213
NGC_957             ,4463,458022119978807936,1,1.0,38.40829578,57.4995377,-0.39826235,-1.09392053,0.44330188,16.838264,17.72378,15.899563,            ,38.40829907,57.4995426
NGC_957             ,4463,458022119978814336,1,0.7256298202186433,38.40886372,57.4912006,-0.22123121,-1.02083126,0.48368939,14.053632,14.468304,13.453269,            ,38.40886555,57.4912051
NGC_957             ,4463,458022188698297344,1,1.0,38.37862382,57.4843598,-0.30318625,-1.12219252,0.46247518,11.913387,12.208101,11.438156,            ,38.37862633,57.4843648
NGC_957             ,4463,458022257417767040,1,0.808662579967953,38.34597908,57.5003609,-0.3274648,-1.18724288,0.4837127,15.858795,16.33528,15.205278,            ,38.34598179,57.5003661
NGC_957             ,4463,458022257417770496,1,0.7313137051673066,38.33655727,57.4953942,-0.29931169,-0.93790757,0.39660744,14.907057,15.298513,14.30321,            ,38.33655974,57.4953984
NGC_957             ,4463,458022287475809792,1,1.0,38.35390085,57.508821,-0.33879599,-1.16042382,0.45346682,16.637835,17.370651,15.798136,            ,38.35390365,57.5088262
NGC_957             ,4463,458022291777496832,1,0.809692207925189,38.35323336,57.5103892,-0.31638419,-1.04210901,0.3543127,16.930033,17.736345,16.036762,            ,38.35323598,57.5103939
NGC_957             ,4463,458022291777498112,1,1.0,38.36905283,57.5067368,-0.33783486,-1.18155399,0.43265419,15.925291,16.628204,15.092562,            ,38.36905563,57.506742
NGC_957             ,4463,458022326137225344,1,1.0,38.39245077,57.5172242,-0.27895756,-1.07687108,0.47465559,14.788314,15.16544,14.227449,            ,38.39245308,57.5172289
NGC_957             ,4463,458022360496965120,1,1.0,38.40933669,57.5136597,-0.22847672,-1.0644574,0.4108015,14.692997,15.072593,14.130715,            ,38.40933858,57.5136644
NGC_957             ,4463,458022360496966656,1,0.7444931800690598,38.4086393,57.5115105,-0.39103543,-1.15877328,0.49147788,16.476322,17.10553,15.705724,            ,38.40864253,57.5115156
NGC_957             ,4463,458022429216435968,1,1.0,38.38966826,57.5242317,-0.2723975,-1.11015031,0.44776314,16.200943,16.749971,15.491167,            ,38.38967051,57.5242367
NGC_957             ,4463,458022493632894464,1,1.0,38.28413906,57.4696714,-0.27268476,-1.1037224,0.40838777,11.844423,12.213348,11.267844,            ,38.28414132,57.4696763
NGC_957             ,4463,458022497935957632,1,0.92851356648387,38.29024825,57.4741698,-0.38621011,-1.0423882,0.39540016,16.387022,16.969435,15.652283,            ,38.29025144,57.4741744
NGC_957             ,4463,458022532295700992,1,1.0,38.26799366,57.4722538,-0.28362114,-1.14971305,0.42625186,15.237262,15.632811,14.661112,            ,38.267996,57.4722589
NGC_957             ,4463,458022532295702912,1,1.0,38.25533637,57.4717912,-0.29425309,-1.09919843,0.43994087,14.242098,14.603825,13.700422,            ,38.25533881,57.4717961
NGC_957             ,4463,458022562353600512,1,0.923136440928119,38.26342467,57.4817589,-0.31216632,-1.06802368,0.4643296,15.823734,16.294153,15.17675,            ,38.26342725,57.4817636
NGC_957             ,4463,458022635374895616,1,0.9610121161143284,38.31859744,57.492886,-0.34513261,-1.09729825,0.47950793,13.108369,13.412942,12.62739,            ,38.3186003,57.4928908
NGC_957             ,4463,458022669734640768,1,0.7476050892826842,38.28711124,57.4869948,-0.40793078,-1.01142802,0.45568814,15.427028,15.820035,14.849407,            ,38.28711461,57.4869993
NGC_957             ,4463,458022738454120576,1,0.9445427164341192,38.23924454,57.4888121,-0.28237003,-1.07019774,0.3753887,15.395301,15.95591,14.66632,            ,38.23924687,57.4888168
NGC_957             ,4463,458022738454125440,1,1.0,38.25171904,57.4801354,-0.27374112,-1.10124112,0.38938332,16.159842,16.691858,15.45142,            ,38.2517213,57.4801403
NGC_957             ,4463,458022738454361216,1,0.9228750533075848,38.24648583,57.4763255,-0.31285655,-1.06030342,0.37679404,10.995702,11.261487,10.55612,            ,38.24648842,57.4763302
NGC_957             ,4463,458022875893307264,1,0.7472868167588155,38.25587943,57.5041695,-0.23102529,-0.99333565,0.44605981,15.972939,16.467226,15.296052,            ,38.25588134,57.5041739
NGC_957             ,4463,458022944612526976,1,1.0,38.25755148,57.5215214,-0.25530036,-1.16131063,0.44309562,15.387715,15.834796,14.761385,            ,38.2575536,57.5215265
NGC_957             ,4463,458022978972258432,1,0.8748388451622002,38.25049951,57.5308601,-0.44834876,-1.11385853,0.41671261,12.810168,13.204842,12.236571,            ,38.25050322,57.5308651
NGC_957             ,4463,458022978972613760,1,0.9700665666395268,38.2665347,57.5282021,-0.35761964,-1.02692732,0.37521562,15.283862,15.717677,14.667972,            ,38.26653766,57.5282067
NGC_957             ,4463,458023047691739264,1,1.0,38.34386581,57.5129785,-0.29382707,-1.08933561,0.38709742,15.204534,15.687986,14.541729,            ,38.34386824,57.5129834
NGC_957             ,4463,458023047691993728,1,1.0,38.34851617,57.5202741,-0.22562595,-1.15832225,0.44936765,15.272631,15.701008,14.658936,            ,38.34851804,57.5202792
NGC_957             ,4463,458023116411200896,1,1.0,38.33563139,57.53322,-0.33862948,-1.10363201,0.43718287,16.62841,17.306337,15.812511,            ,38.33563419,57.533225
NGC_957             ,4463,458023116411207552,1,1.0,38.32489689,57.5267207,-0.34825139,-1.18833244,0.43526119,11.768575,12.054139,11.306491,            ,38.32489977,57.526726
NGC_957             ,4463,458023150770934016,1,0.9822616111782906,38.36493131,57.5364442,-0.26517346,-1.12619193,0.48026785,15.399504,15.893419,14.723151,            ,38.36493351,57.5364492
NGC_957             ,4463,458023150770947456,1,0.8123635135283785,38.36151022,57.5201613,-0.29130776,-0.95220913,0.41148087,15.725191,16.216335,15.043009,            ,38.36151263,57.5201655
NGC_957             ,4463,458023185130667264,1,0.9305788139137292,38.35884672,57.5438163,-0.37753478,-1.09629184,0.48748732,15.172679,15.621481,14.539332,            ,38.35884985,57.5438212
NGC_957             ,4463,458023185130667776,1,0.8951364720440682,38.37799699,57.5403735,-0.16069109,-1.05544715,0.40810345,13.27952,13.65307,12.717806,            ,38.37799832,57.5403782
NGC_957             ,4463,458023185130672256,1,0.7134671609078876,38.3688814,57.5360818,-0.43749996,-1.13213951,0.37499223,18.025024,18.97056,17.069841,            ,38.36888502,57.5360868
NGC_957             ,4463,458023219490406400,1,1.0,38.33133603,57.5460003,-0.29959621,-1.14988059,0.38717219,13.582097,13.950202,13.030721,            ,38.33133851,57.5460054
NGC_957             ,4463,458023219490406656,1,0.9579176136254056,38.33999944,57.5447002,-0.2772391,-1.02938557,0.37578859,15.35202,15.794138,14.726615,            ,38.34000173,57.5447048
NGC_957             ,4463,458023219490409600,1,1.0,38.3370463,57.5412861,-0.38560957,-1.0920991,0.43383439,14.94565,15.351382,14.354079,            ,38.3370495,57.541291
NGC_957             ,4463,458023253850131712,1,0.683091972524856,38.35787689,57.5587452,-0.38187889,-1.098497,0.32888703,17.196802,18.0964,16.271624,            ,38.35788005,57.5587501
NGC_957             ,4463,458023253850132608,1,1.0,38.34796757,57.5587663,-0.30889819,-1.15428459,0.42347016,11.718846,11.977171,11.287033,            ,38.34797013,57.5587714
NGC_957             ,4463,458023253850133376,1,1.0,38.35177044,57.5562574,-0.23676243,-1.05402976,0.42780078,14.91748,15.414879,14.238898,            ,38.3517724,57.5562621
NGC_957             ,4463,458023253850137216,1,0.941914376384191,38.35459222,57.5525804,-0.26882274,-1.24590446,0.40863229,15.965894,16.5071,15.183958,            ,38.35459445,57.5525859
NGC_957             ,4463,458023253850138112,1,0.8561844088006672,38.35470414,57.5519101,-0.21285602,-1.21623807,0.38758383,16.218744,16.777523,15.43867,            ,38.3547059,57.5519155
NGC_957             ,4463,458023288209900544,1,1.0,38.30244782,57.5280864,-0.31609566,-1.06766589,0.40958897,14.416152,14.838553,13.809222,            ,38.30245044,57.5280911
NGC_957             ,4463,458023318268102912,1,1.0,38.31075465,57.5457163,-0.30767534,-1.02135964,0.40744261,16.828173,17.533695,16.011925,            ,38.3107572,57.5457208
NGC_957             ,4463,458023322569627392,1,1.0,38.3017741,57.5427809,-0.32451778,-1.04996977,0.39822045,16.626522,17.223585,15.819852,            ,38.30177679,57.5427856
NGC_957             ,4463,458023322569628032,1,1.0,38.30156761,57.5418973,-0.28784243,-1.03136787,0.40912242,15.114763,15.516404,14.529131,            ,38.30157,57.5419019
NGC_957             ,4463,458023356929636224,1,1.0,38.27829402,57.5496653,-0.26750735,-1.13438558,0.42196918,14.651921,15.082966,14.039935,            ,38.27829624,57.5496704
NGC_957             ,4463,458023391289100544,1,1.0,38.2939761,57.5483573,-0.38156958,-1.14684942,0.40781927,11.023849,11.361074,10.481891,            ,38.29397926,57.5483624
NGC_957             ,4463,458023425648834560,1,1.0,38.32713647,57.5503923,-0.38690258,-1.11821622,0.45635542,15.392236,15.900043,14.714026,            ,38.32713967,57.5503973
NGC_957             ,4463,458023460008555648,1,0.8270545741505846,38.33257759,57.5718027,-0.38791701,-1.09381922,0.37358236,17.264782,18.070738,16.40419,            ,38.3325808,57.5718076
NGC_957             ,4463,458023528728025856,1,1.0,38.32483365,57.5805685,-0.27963876,-1.02242966,0.40412573,14.80609,15.191018,14.24036,            ,38.32483597,57.5805731
NGC_957             ,4463,458023528728027392,1,0.9782938691168864,38.31603025,57.579602,-0.23288504,-1.21067403,0.40331022,16.885883,17.656462,16.037445,            ,38.31603218,57.5796074
NGC_957             ,4463,458023528728032256,1,0.8411114289156659,38.31746113,57.574058,-0.1520173,-1.199116,0.43914929,14.015369,14.360061,13.487556,            ,38.31746239,57.5740633
NGC_957             ,4463,458023528728034176,1,1.0,38.31978593,57.5711456,-0.26961651,-1.15270846,0.42624555,13.402436,13.728371,12.897608,            ,38.31978816,57.5711508
NGC_957             ,4463,458023563087809408,1,0.8976476457337073,38.45392736,57.5057026,-0.40324707,-1.05238342,0.39143894,16.229424,17.004005,15.359081,            ,38.4539307,57.5057073
NGC_957             ,4463,458023597447535488,1,0.978587930078176,38.48292344,57.5174004,-0.21711253,-1.1715055,0.41048369,14.688303,15.100544,14.090776,            ,38.48292523,57.5174056
NGC_957             ,4463,458023631807274880,1,1.0,38.44554015,57.5217155,-0.21127297,-1.11223872,0.43409155,14.116264,14.490246,13.561559,            ,38.4455419,57.5217205
NGC_957             ,4463,458023730584967936,1,0.809220979471669,38.50856586,57.5422697,-0.34398496,-1.07840375,0.34855503,17.87672,18.793907,16.972145,            ,38.50856871,57.5422745
NGC_957             ,4463,458023906685162112,1,0.7691992600686279,38.40435446,57.550548,-0.25537232,-1.06404124,0.5075636,15.72685,16.248013,15.03122,            ,38.40435658,57.5505527
NGC_957             ,4463,458023906685170816,1,1.0,38.39081746,57.5435672,-0.24909594,-1.09168979,0.42368392,9.687481,9.987652,9.206292,            ,38.39081952,57.5435721
NGC_957             ,4463,458023906685172608,1,1.0,38.40901842,57.5376597,-0.25938482,-1.06673665,0.4049215,13.607064,14.027257,12.999406,            ,38.40902057,57.5376644
NGC_957             ,4463,458023936741889792,1,0.8153868579841961,38.41387035,57.5639495,-0.30324227,-1.0073502,0.45276603,11.858219,12.088333,11.322038,            ,38.41387287,57.563954
NGC_957             ,4463,458023936741891712,1,1.0,38.40613494,57.5565039,-0.3282762,-1.17995661,0.45282225,12.17943,12.471642,11.71621,            ,38.40613766,57.5565092
NGC_957             ,4463,458023936744770176,1,0.7121753963634775,38.41391903,57.554007,-0.22791267,-1.15160189,0.34182758,18.68722,19.735699,17.665586,            ,38.41392092,57.5540122
NGC_957             ,4463,458023941037297408,1,0.7299958852374849,38.41160278,57.5533031,-0.30604288,-1.01558254,0.49849227,15.790685,16.124876,14.811772,            ,38.41160532,57.5533076
NGC_957             ,4463,458023941044896768,1,0.914432304840939,38.40587635,57.5553059,-0.35485898,-1.22069781,0.4449352,16.844538,17.32524,15.949716,            ,38.40587929,57.5553114
NGC_957             ,4463,458023941044905856,1,0.8551391102713805,38.42010554,57.5427813,-0.37172683,-1.20515212,0.46694325,14.884265,15.296946,14.288986,            ,38.42010862,57.5427866
NGC_957             ,4463,458024009764357504,1,0.9299272948194188,38.45677475,57.5685924,-0.42230446,-1.17119237,0.42133369,17.746468,18.705774,16.7718,            ,38.45677825,57.5685976
NGC_957             ,4463,458024009764368512,1,0.9448309254078172,38.46267643,57.5563864,-0.18063847,-1.09303822,0.41578724,15.045744,15.410567,14.499857,            ,38.46267793,57.5563912
NGC_957             ,4463,458024044124101120,1,1.0,38.42037985,57.5684977,-0.31408737,-1.13464395,0.42456188,15.716344,16.155552,15.099529,            ,38.42038245,57.5685027
NGC_957             ,4463,458024044124105984,1,0.9238227519768116,38.42930287,57.5613013,-0.19483257,-1.06052854,0.4415225,14.82047,15.172441,14.286731,            ,38.42930449,57.561306
NGC_957             ,4463,458024078483833216,1,0.9247391573760488,38.43987654,57.5721053,-0.27876875,-1.11517833,0.48079909,15.005161,15.390185,14.430836,            ,38.43987885,57.5721103
NGC_957             ,4463,458024108540586240,1,0.8808552574613328,38.51805187,57.5443062,-0.37360412,-1.16432746,0.45733985,12.476835,12.747272,12.039347,            ,38.51805497,57.5443114
NGC_957             ,4463,458024181563051008,1,1.0,38.48604035,57.5626245,-0.31328369,-1.14069984,0.39712759,14.179141,14.522206,13.655403,            ,38.48604295,57.5626295
NGC_957             ,4463,458024250282511360,1,0.7904249581538492,38.55340882,57.579342,-0.24183976,-1.10516401,0.3650128,18.49556,19.606007,17.484768,            ,38.55341082,57.5793469
NGC_957             ,4463,458024387721469696,1,1.0,38.4847406,57.5804674,-0.33388545,-1.13661459,0.41159227,16.574913,17.233845,15.784439,            ,38.48474336,57.5804724
NGC_957             ,4463,458024422081198208,1,0.9515902514367798,38.50025124,57.5943192,-0.2501752,-1.17803823,0.44142645,13.566966,13.938712,13.01399,            ,38.50025331,57.5943244
NGC_957             ,4463,458024662599409664,1,1.0,38.38226431,57.5492544,-0.32969392,-1.1711492,0.44052498,13.698237,14.041069,13.172477,            ,38.38226704,57.5492596
NGC_957             ,4463,458024692655227904,1,0.8546084632197126,38.39559762,57.5596549,-0.2862275,-1.14193818,0.50248792,16.703981,17.415066,15.876244,            ,38.39559999,57.5596599
NGC_957             ,4463,458024696959130496,1,0.9634644767615764,38.39476402,57.5714429,-0.28274101,-1.0613308,0.37406078,15.284703,15.690162,14.696099,            ,38.39476636,57.5714476
NGC_957             ,4463,458024696959137536,1,1.0,38.38717535,57.5643695,-0.22486,-1.18644053,0.41036882,15.306328,15.69819,14.728304,            ,38.38717722,57.5643747
NGC_957             ,4463,458024731318868224,1,1.0,38.36410707,57.5758848,-0.28426431,-1.04551382,0.40975981,15.78668,16.254623,15.143819,            ,38.36410942,57.5758895
NGC_957             ,4463,458024765670988416,1,1.0,38.38292065,57.5691838,-0.35049225,-1.17228566,0.40527399,10.538606,10.797429,10.107277,            ,38.38292355,57.569189
NGC_957             ,4463,458024765678598528,1,1.0,38.37686292,57.5827185,-0.29008769,-1.14391707,0.41790617,13.087739,13.443086,12.549902,            ,38.37686532,57.5827236
NGC_957             ,4463,458024765678604416,1,0.8038481326673593,38.37206725,57.5766939,-0.35731326,-1.05746922,0.34763112,16.513424,17.185234,15.690925,            ,38.37207022,57.5766986
NGC_957             ,4463,458024765678604800,1,1.0,38.36876012,57.576549,-0.32098169,-1.04017692,0.40124247,12.728894,13.061976,12.218746,            ,38.36876278,57.5765536
NGC_957             ,4463,458024800038341248,1,1.0,38.40641366,57.573593,-0.34774919,-1.16935133,0.41682644,13.683892,14.027553,13.157664,            ,38.40641654,57.5735982
NGC_957             ,4463,458024834398070272,1,0.6932318505146131,38.42778008,57.5847452,-0.45834881,-1.10828188,0.46980623,16.163694,16.747261,15.422227,            ,38.42778388,57.5847501
NGC_957             ,4463,458024868757812736,1,1.0,38.39842076,57.5810916,-0.33406406,-1.17802524,0.42145079,13.956218,14.317718,13.411841,            ,38.39842353,57.5810968
NGC_957             ,4463,458024898816299904,1,0.8065855852473859,38.40651916,57.6062846,-0.45975392,-1.0717908,0.41806585,16.093,16.619648,15.357052,            ,38.40652297,57.6062893
NGC_957             ,4463,458024937477293312,1,0.9580549845252978,38.35171037,57.5823742,-0.28009444,-1.19548712,0.39341991,13.998017,14.370562,13.445135,            ,38.3517127,57.5823796
NGC_957             ,4463,458024967535737856,1,1.0,38.35778387,57.5959814,-0.28994368,-1.07760557,0.39604314,17.627878,18.653763,16.654894,            ,38.35778627,57.5959862
NGC_957             ,4463,458024971837030016,1,0.7586690945192222,38.36893112,57.5820746,-0.29046921,-1.27772964,0.42020377,16.06355,16.62277,15.345613,            ,38.36893352,57.5820803
NGC_957             ,4463,458025006196761728,1,0.9280738795374768,38.33285928,57.5977494,-0.25137099,-1.1273691,0.45410294,17.10976,17.9168,16.237598,            ,38.33286136,57.5977544
NGC_957             ,4463,458025006196767872,1,1.0,38.3302313,57.5876619,-0.29986329,-1.10600521,0.41914346,14.036587,14.397267,13.493451,            ,38.33023378,57.5876668
NGC_957             ,4463,458025006196770816,1,0.7785648898779312,38.32613488,57.5844923,-0.19940953,-1.0999917,0.47633225,16.66812,17.39191,15.837924,            ,38.32613654,57.5844972
NGC_957             ,4463,458025074916231552,1,0.805690099507739,38.37127437,57.6038231,-0.17261184,-1.17528647,0.39905413,16.765926,17.477016,15.937758,            ,38.3712758,57.6038283
NGC_957             ,4463,458025074916234624,1,1.0,38.38391028,57.5972741,-0.33716822,-1.15511192,0.42316745,12.60257,12.943671,12.083853,            ,38.38391307,57.5972792
NGC_957             ,4463,458025143635705856,1,1.0,38.36605293,57.6080824,-0.28647188,-1.08157672,0.38848921,16.674223,17.334888,15.879122,            ,38.36605531,57.6080872
NGC_957             ,4463,458025212355181952,1,0.7978256556091206,38.43208315,57.600698,-0.26102184,-1.15238401,0.35852351,11.342761,11.614619,10.895773,            ,38.43208531,57.6007032
NGC_957             ,4463,458025246714912000,1,1.0,38.44743421,57.6127397,-0.30219352,-1.11048321,0.43405371,15.816291,16.29233,15.157995,            ,38.44743672,57.6127447
NGC_957             ,4463,458025384153848320,1,0.6907200683715505,38.49287209,57.6398106,-0.27754183,-1.05794975,0.49583493,15.688761,16.129604,15.069284,            ,38.4928744,57.6398153
NGC_957             ,4463,458025384153849216,1,0.8645091016997999,38.49326808,57.637176,-0.22996464,-1.16940368,0.431289,15.020897,15.421476,14.432838,            ,38.49326999,57.6371812
NGC_957             ,4463,458025487233078784,1,0.973165183703022,38.39466238,57.6224469,-0.21166036,-1.0394946,0.41936545,15.463305,15.906373,14.840732,            ,38.39466414,57.6224515
NGC_957             ,4463,458025487233082112,1,0.7909430401714403,38.40134527,57.6167395,-0.31619856,-1.07124185,0.49504714,16.539505,17.233828,15.731809,            ,38.40134789,57.6167442
NGC_957             ,4463,458025590312275584,1,0.821191021952629,38.39677648,57.660899,-0.24521447,-1.05829535,0.39589016,15.065804,15.471324,14.477262,            ,38.39677852,57.6609037
NGC_957             ,4463,458025792166826240,1,0.9059468562477424,38.21075642,57.5181598,-0.27331948,-1.17940373,0.38688955,16.326931,16.904964,15.59132,            ,38.21075868,57.5181651
NGC_957             ,4463,458025796470820352,1,1.0,38.22276562,57.5136251,-0.31225531,-1.12800511,0.4339912,16.352764,16.93161,15.608192,            ,38.2227682,57.5136302
NGC_957             ,4463,458025860888681216,1,1.0,38.18607267,57.5292399,-0.26682827,-1.10988948,0.39745798,18.905365,19.947796,17.948317,            ,38.18607488,57.5292448
NGC_957             ,4463,458025933909747968,1,1.0,38.24770532,57.5443701,-0.40401808,-1.07166419,0.40109841,16.326605,16.919651,15.554023,            ,38.24770866,57.5443749
NGC_957             ,4463,458026002629214976,1,1.0,38.22868702,57.5581904,-0.25153197,-1.13265838,0.40608077,13.008141,13.38121,12.462172,            ,38.2286891,57.5581954
NGC_957             ,4463,458026002629222016,1,1.0,38.21542161,57.5518747,-0.30341831,-1.179124,0.42188374,14.738852,15.200135,14.089993,            ,38.21542413,57.55188
NGC_957             ,4463,458026002629225216,1,1.0,38.2265581,57.5467146,-0.39619782,-1.11923148,0.42263981,12.098022,12.404795,11.615844,            ,38.22656138,57.5467195
NGC_957             ,4463,458026105708451328,1,1.0,38.14718882,57.5426546,-0.31054315,-1.07889659,0.39502049,14.872494,15.274558,14.285515,            ,38.14719139,57.5426594
NGC_957             ,4463,458026105708453376,1,1.0,38.14679185,57.5392359,-0.27703372,-1.11976333,0.4327974,11.425577,11.724225,10.947184,            ,38.14679415,57.5392409
NGC_957             ,4463,458026140068182400,1,0.8484539180217495,38.15550226,57.5500778,-0.25522158,-1.17909186,0.38147564,16.600058,17.30873,15.778943,            ,38.15550437,57.550083
NGC_957             ,4463,458026174427918976,1,0.7961655447505439,38.18770247,57.5492353,-0.24060981,-0.97137644,0.42848294,16.771944,17.538118,15.919389,            ,38.18770446,57.5492396
NGC_957             ,4463,458026208787635968,1,0.9639335162347054,38.20483889,57.5726557,-0.2014258,-1.19460871,0.43364515,11.864969,12.222994,11.32513,            ,38.20484056,57.572661
NGC_957             ,4463,458026208787641984,1,0.8332086997394131,38.21999454,57.5651326,-0.38760296,-1.13620899,0.46879118,15.933682,16.53759,15.177871,            ,38.21999775,57.5651376
NGC_957             ,4463,458026311866858496,1,1.0,38.25328619,57.5577903,-0.29901049,-1.04281358,0.40259907,15.058102,15.515639,14.412768,            ,38.25328867,57.557795
NGC_957             ,4463,458026311866862208,1,0.9218192058942848,38.25786484,57.5526589,-0.27802161,-1.15044902,0.48447156,16.782234,17.48467,15.971822,            ,38.25786714,57.552664
NGC_957             ,4463,458026311866863360,1,1.0,38.24566775,57.5525649,-0.22523875,-1.18393815,0.4139666,14.62413,15.063942,14.000128,            ,38.24566962,57.5525701
NGC_957             ,4463,458026346226582400,1,1.0,38.26949772,57.5732321,-0.38853854,-1.12958354,0.42852467,15.941068,16.462862,15.245199,            ,38.26950094,57.5732371
NGC_957             ,4463,458026346226583296,1,1.0,38.27770462,57.5707726,-0.25716107,-1.06768875,0.4305861,12.067085,12.403794,11.552276,  -29.645544,38.27770675,57.5707773
NGC_957             ,4463,458026346226590848,1,0.7583776177305251,38.26615866,57.563522,-0.16755018,-0.97286904,0.3966788,15.455113,15.873842,14.862068,            ,38.26616005,57.5635263
NGC_957             ,4463,458026346226871552,1,1.0,38.28045086,57.5616344,-0.19269496,-1.11089746,0.43975242,14.914497,15.323856,14.299985,            ,38.28045246,57.5616393
NGC_957             ,4463,458026449305788032,1,1.0,38.28397369,57.5845247,-0.28623467,-1.15819728,0.41296395,14.94404,15.336224,14.369694,            ,38.28397607,57.5845299
NGC_957             ,4463,458026449305794176,1,0.90457338959355,38.28306888,57.5779383,-0.26213638,-1.17099683,0.46380179,17.308828,18.135288,16.423304,            ,38.28307106,57.5779435
NGC_957             ,4463,458026513723952896,1,0.7812711546821681,38.2656377,57.5908272,-0.43655974,-1.18684888,0.43760609,16.945261,17.796715,16.034365,            ,38.26564132,57.5908325
NGC_957             ,4463,458026518025266432,1,0.8950807194715605,38.26488045,57.5849613,-0.2420362,-1.11347213,0.36866918,16.174906,16.7193,15.458614,            ,38.26488246,57.5849662
NGC_957             ,4463,458026689823949312,1,1.0,38.21669407,57.6010071,-0.35048875,-1.12381832,0.40277918,16.199556,16.778074,15.460658,            ,38.21669698,57.6010121
NGC_957             ,4463,458026719880692096,1,1.0,38.25788736,57.601687,-0.32534524,-1.0631097,0.41536696,12.150561,12.459872,11.648425,            ,38.25789006,57.6016917
NGC_957             ,4463,458026964701879936,1,1.0,38.11707314,57.5839987,-0.29843808,-1.1234366,0.42652086,15.794004,16.302612,15.115789,            ,38.11707561,57.5840037
NGC_957             ,4463,458026999061619200,1,0.8198435037148779,38.16739663,57.5769411,-0.25265209,-1.03751007,0.44029367,15.322712,15.753361,14.712295,            ,38.16739872,57.5769457
NGC_957             ,4463,458027510156472960,1,0.6957828611809632,38.17645895,57.6219757,-0.46106084,-1.04478625,0.43329853,19.453043,20.632767,18.357262,            ,38.17646277,57.6219804
NGC_957             ,4463,458027548817393920,1,0.8379640801242141,38.20745726,57.6251482,-0.25186422,-1.14631429,0.45317369,15.91262,16.415533,15.229623,            ,38.20745935,57.6251533
NGC_957             ,4463,458027548817395584,1,0.7201682146250353,38.20331297,57.6237664,-0.16859306,-1.04536517,0.46498601,15.57262,16.09067,14.884094,            ,38.20331437,57.6237711
NGC_957             ,4463,458027892414760064,1,0.8966502647030482,38.15901497,57.6629861,-0.2603937,-1.08702746,0.40615307,15.591558,16.212845,14.825497,            ,38.15901713,57.6629909
NGC_957             ,4463,458028064213786752,1,0.8287214530237714,38.31067552,57.6270738,-0.31639955,-1.07606571,0.3738572,16.312775,16.915533,15.562025,            ,38.31067814,57.6270786
NGC_957             ,4463,458028098573196032,1,0.7844456309603206,38.34746179,57.6267592,-0.1742942,-1.01023268,0.43080359,15.490694,15.958276,14.844735,            ,38.34746323,57.6267637
NGC_957             ,4463,458028098573197440,1,0.9171253124320734,38.33431773,57.6259604,-0.23373983,-1.00504429,0.4153719,16.857832,17.544365,16.037472,            ,38.33431967,57.6259649
NGC_957             ,4463,458028132932929280,1,0.6971591720796512,38.35483183,57.6358554,-0.2489942,-1.07552563,0.33203732,16.782038,17.521524,15.94283,            ,38.3548339,57.6358602
NGC_957             ,4463,458028304731629824,1,0.811880481694149,38.25219159,57.6329885,-0.28129143,-1.08341148,0.48755665,16.603848,17.294693,15.774576,            ,38.25219393,57.6329933
NGC_957             ,4463,458028442173366400,1,0.7548341851075515,38.28756452,57.6549734,-0.25461909,-1.02093927,0.4478368,16.721737,17.418537,15.897462,            ,38.28756663,57.6549779
NGC_957             ,4463,458028540955341568,1,0.718762564986385,38.36958064,57.6601646,-0.43663674,-1.12417663,0.39170848,19.764202,20.567856,18.954084,            ,38.36958427,57.6601696
NGC_957             ,4463,458028781467007360,1,0.7168835515862677,38.3285809,57.6822342,-0.36469772,-1.06761411,0.33955615,17.779415,18.662733,16.828608,            ,38.32858393,57.682239
NGC_957             ,4463,458028923206887680,1,0.7598987728073952,38.36480942,57.6945332,-0.2558818,-1.24609558,0.42071368,17.68429,18.56333,16.79178,            ,38.36481155,57.6945387
NGC_957             ,4463,458029056342896896,1,0.786532076780121,38.24202601,57.6452352,-0.30703113,-1.24598356,0.43782756,12.277777,12.584949,11.797325,            ,38.24202856,57.6452407
NGC_957             ,4463,458029060645866752,1,0.7978256556091206,38.2237833,57.6501226,-0.25261339,-1.09119469,0.34635373,15.241652,15.747727,14.560812,            ,38.2237854,57.6501275
NGC_957             ,4463,458029365582585600,1,0.7230076359324666,38.21852536,57.6919124,-0.17125224,-1.01772349,0.40760355,17.078182,17.826311,16.231602,            ,38.21852679,57.691917
NGC_957             ,4463,458029919639295104,1,0.7184827268074249,38.27315982,57.7299752,-0.24051386,-1.14857316,0.3950074,14.62639,15.022452,14.047859,            ,38.27316182,57.7299803
NGC_957             ,4463,458030022718506240,1,0.7430452643888111,38.29075688,57.7490158,-0.33791916,-1.11418802,0.41406614,16.307346,16.926998,15.553335,            ,38.29075969,57.7490208
NGC_957             ,4463,458045999997870720,1,0.6803131159578782,37.56958356,57.4708524,-0.39023984,-1.15258048,0.39798546,16.301281,16.917477,15.53494,            ,37.56958679,57.4708575
NGC_957             ,4463,458065859927404800,1,0.7590621583641461,37.81165184,57.4861613,-0.326088,-1.16793937,0.42813946,13.869284,14.214839,13.334441,            ,37.81165453,57.4861665
NGC_957             ,4463,458066031726094848,1,0.7614776083959623,37.9114794,57.4789464,-0.37412389,-1.13304838,0.42681018,16.4212,17.079834,15.63335,            ,37.91148249,57.4789514
NGC_957             ,4463,458067062518240640,1,0.7477725809719337,37.79419092,57.5130788,-0.36296321,-1.11895722,0.40027176,11.419643,11.742347,10.916262,            ,37.79419392,57.5130837
NGC_957             ,4463,458067543554574080,1,0.7878949426811855,37.93945646,57.5041929,-0.39967369,-1.12737067,0.42494563,16.38187,16.997513,15.614428,            ,37.93945976,57.504198
NGC_957             ,4463,458067749712984576,1,0.6806772799230427,37.94728401,57.5493676,-0.36627289,-1.01494648,0.43596231,14.767496,15.257384,14.103048,            ,37.94728704,57.5493721
NGC_957             ,4463,458068466964527744,1,0.7394004517361457,37.96088193,57.5960131,-0.34688058,-1.02484285,0.42033302,17.792473,18.692558,16.86483,            ,37.96088481,57.5960176
NGC_957             ,4463,458068539986921728,1,0.8570690327448203,38.00730846,57.6196995,-0.3640923,-1.14896949,0.43191865,14.858761,15.245302,14.286244,            ,38.00731148,57.6197046
NGC_957             ,4463,458068574346668800,1,0.7431388825101337,37.97374359,57.6088184,-0.32510537,-1.1103076,0.45270817,14.936206,15.344014,14.34563,            ,37.97374629,57.6088234
NGC_957             ,4463,458072353917880832,1,0.7466584709648075,37.79415375,57.6463876,-0.30451662,-1.09769709,0.42693014,15.79292,16.2872,15.120263,            ,37.79415628,57.6463925
NGC_957             ,4463,458072491356823424,1,0.6964589381247208,37.84829975,57.6583486,-0.33170161,-1.12240027,0.43784974,15.491931,15.940935,14.865606,            ,37.8483025,57.6583535
NGC_957             ,4463,458073247271056640,1,0.698175862069153,37.72521812,57.6900452,-0.40195395,-1.00887903,0.40911427,14.498451,14.928264,13.880298,            ,37.72522146,57.6900496
NGC_957             ,4463,458073831386731392,1,0.7063203530121693,37.79228447,57.7529549,-0.35157109,-1.11245333,0.41732322,13.939473,14.418233,13.282582,            ,37.7922874,57.7529598
NGC_957             ,4463,458074205040895744,1,0.6845289748622604,38.02171382,57.61448,-0.3203897,-1.20834889,0.44961885,18.36246,19.388184,17.387892,            ,38.02171648,57.6144854
NGC_957             ,4463,458074312422947584,1,0.9098119926000816,38.11032202,57.6381747,-0.31035398,-1.12256794,0.43034434,13.79625,14.151926,13.258619,            ,38.11032459,57.6381797
NGC_957             ,4463,458074346782689152,1,0.8296647658182904,38.06916517,57.6389206,-0.2592743,-1.1599115,0.39753314,15.382931,15.820879,14.757539,            ,38.06916732,57.6389257
NGC_957             ,4463,458074862178734208,1,0.8824923063623251,38.15180503,57.6811309,-0.27952836,-1.10612699,0.41709679,16.285007,16.857428,15.540758,            ,38.15180735,57.6811358
NGC_957             ,4463,458074965257964288,1,0.7020073108396913,38.06605753,57.6700912,-0.20670633,-0.94771287,0.44186406,14.957175,15.364848,14.364234,            ,38.06605925,57.6700954
NGC_957             ,4463,458075652452901760,1,0.7036205896435375,37.97451572,57.6937941,-0.2253396,-1.06604791,0.41352335,13.888088,14.272183,13.305758,            ,37.9745176,57.6937988
NGC_957             ,4463,458075686808420992,1,0.7320768311504933,37.97990134,57.702898,-0.36131852,-1.02589185,0.41957586,17.576992,18.310848,16.627918,            ,37.97990435,57.7029026
NGC_957             ,4463,458083486473122176,1,0.6835977366785082,37.59988194,57.6523149,-0.30087043,-1.07792842,0.40387001,15.180954,15.629009,14.553179,            ,37.59988444,57.6523197
NGC_957             ,4463,458101662772544128,1,0.6896367919642024,38.80556866,57.4764674,-0.22696055,-1.12472766,0.45457413,16.506138,17.119936,15.735385,            ,38.80557053,57.4764724
NGC_957             ,4463,458101903290712576,1,0.7144132435185994,38.74169856,57.4851055,-0.27238283,-1.12998512,0.38601916,17.011278,17.851498,16.11306,            ,38.74170081,57.4851105
NGC_957             ,4463,458102418686763264,1,0.7788385185648845,38.86481975,57.5525165,-0.26023046,-1.12945419,0.43980257,14.884397,15.310961,14.270815,            ,38.8648219,57.5525215
NGC_957             ,4463,458102831003624832,1,0.7413464397090332,38.96636989,57.5365981,-0.25878205,-1.10442714,0.40785776,13.601322,13.974364,13.042485,            ,38.96637203,57.536603
NGC_957             ,4463,458103243320469504,1,0.8386554742166233,38.9665174,57.5827436,-0.26271772,-1.1184466,0.42519488,14.93963,15.402984,14.291849,            ,38.96651958,57.5827486
NGC_957             ,4463,458104441608559104,1,0.6823514656401544,38.9422117,57.6091984,-0.1634522,-1.18535713,0.39683353,19.226042,20.243282,18.262407,            ,38.94221305,57.6092036
NGC_957             ,4463,458104995667161088,1,0.8155950003487847,38.70205799,57.5091425,-0.36962036,-1.09359166,0.42187503,15.22252,15.75216,14.519923,            ,38.70206105,57.5091474
NGC_957             ,4463,458105339264532992,1,0.7436969940702763,38.71267157,57.5457881,-0.16602574,-1.12710397,0.39835439,19.308657,20.407642,18.271301,            ,38.71267294,57.5457931
NGC_957             ,4463,458105545422956032,1,0.6945088661641498,38.74264509,57.5666919,-0.33539957,-1.09199981,0.45476346,13.87772,14.215466,13.360097,            ,38.74264787,57.5666967
NGC_957             ,4463,458105545422957440,1,0.7025669541842392,38.74894414,57.5621837,-0.35309186,-1.10621194,0.45334769,17.089285,17.889751,16.203205,            ,38.74894706,57.5621886
NGC_957             ,4463,458106129538047232,1,0.8476545796546915,38.63252577,57.5736057,-0.18782967,-1.15973731,0.42054387,16.979246,17.705994,16.124733,            ,38.63252732,57.5736109
NGC_957             ,4463,458106541854899712,1,0.7477372597479865,38.61445827,57.6250215,-0.19543495,-1.14703881,0.45054218,14.89984,15.266444,14.345756,            ,38.61445989,57.6250266
NGC_957             ,4463,458106610574828672,1,0.7117947420584055,38.70522694,57.6193254,-0.15999331,-1.12746408,0.4435921,14.829028,15.364287,14.123296,            ,38.70522827,57.6193304
NGC_957             ,4463,458106679294307456,1,0.7763446442450178,38.69562895,57.6167214,-0.32162243,-1.1217408,0.45125163,13.621863,13.99765,13.058225,            ,38.69563162,57.6167264
NGC_957             ,4463,458106748013776256,1,0.8386554742166233,38.7481724,57.6342769,-0.29019062,-1.16039509,0.4157498,16.9923,17.564278,16.034569,            ,38.74817481,57.6342821
NGC_957             ,4463,458106748013777152,1,0.7083200552236488,38.73034277,57.6341356,-0.26060542,-1.10280406,0.37706708,14.662798,15.068039,14.070723,            ,38.73034493,57.6341405
NGC_957             ,4463,458106782373516416,1,0.7595447018997112,38.70251401,57.6347002,-0.26110434,-1.08980895,0.39910056,11.05392,11.350863,10.57583,            ,38.70251618,57.634705
NGC_957             ,4463,458107297769581568,1,0.78153876307881,38.88031998,57.6387463,-0.20164294,-1.08167746,0.42312421,15.295897,15.737786,14.668477,            ,38.88032166,57.6387512
NGC_957             ,4463,458107538287748224,1,0.7511304599550497,38.8169445,57.6500042,-0.24094893,-1.10159713,0.42995169,15.121244,15.551065,14.503509,            ,38.8169465,57.6500091
NGC_957             ,4463,458108259842465536,1,0.68484362815924,38.77311853,57.6583828,-0.21780167,-1.0680615,0.46015235,15.493618,15.95364,14.857215,            ,38.77312034,57.6583876
NGC_957             ,4463,458108397281195648,1,0.7318810401490928,38.80356759,57.6797973,-0.3051894,-1.15542168,0.38929577,16.700254,17.362818,15.90908,            ,38.80357012,57.6798024
NGC_957             ,4463,458108947036982656,1,0.8062379428057367,38.84772057,57.7294203,-0.27250621,-1.12721881,0.41466072,15.685308,16.147154,15.033925,            ,38.84772284,57.7294253
NGC_957             ,4463,458109324994146304,1,0.7296670516347917,39.08899232,57.6086785,-0.26735798,-1.07279593,0.39823505,17.147217,17.888893,16.2984,            ,39.08899454,57.6086833
NGC_957             ,4463,458109428073355392,1,0.8386554742166233,39.06539439,57.6262375,-0.22877085,-1.15331195,0.41758413,13.77011,14.106137,13.25076,            ,39.06539629,57.6262426
NGC_957             ,4463,458110321426510848,1,0.7697791409444669,39.14633837,57.7041489,-0.13936824,-1.12350287,0.40108849,14.425355,14.802373,13.862611,            ,39.14633953,57.7041539
NGC_957             ,4463,458110561944704640,1,0.7039817660537578,39.04114309,57.6628314,-0.28554059,-1.21338857,0.41169562,17.961521,18.77872,17.007156,            ,39.04114546,57.6628368
NGC_957             ,4463,458110630664171008,1,0.7895162005361424,39.02053561,57.68603,-0.27248578,-1.11314034,0.39863757,14.799773,15.190755,14.222197,            ,39.02053787,57.686035
NGC_957             ,4463,458111111700490752,1,0.82500348787451,39.09204414,57.7163787,-0.17772049,-1.14407094,0.41942359,15.16568,15.609266,14.537284,            ,39.09204562,57.7163838
NGC_957             ,4463,458111317858920448,1,0.7568723906466096,39.00653394,57.7284977,-0.22981918,-1.04966645,0.41514065,15.21103,15.665172,14.558576,            ,39.00653586,57.7285023
NGC_957             ,4463,458111627096827264,1,0.748717042244503,39.19366993,57.7268294,-0.1378826,-1.05906576,0.3970162,13.468893,13.827514,12.925446,            ,39.19367108,57.7268341
NGC_957             ,4463,458111695816024064,1,0.8361241262238353,39.24828004,57.7318271,-0.11100799,-1.08972202,0.42154157,13.569362,13.89455,13.03347,            ,39.24828097,57.7318319
NGC_957             ,4463,458111730175765888,1,0.7426176896637948,39.20538868,57.7326269,-0.1640483,-1.12421714,0.44531726,16.90569,17.638685,16.077724,            ,39.20539005,57.7326319
NGC_957             ,4463,458112142492610560,1,0.7584721794131793,39.22718724,57.7580054,-0.13110774,-1.14124723,0.40011405,15.258212,15.619468,14.712876,            ,39.22718833,57.7580105
NGC_957             ,4463,458112554809445632,1,0.7899559636841185,39.23447199,57.8061317,-0.1752401,-1.0773046,0.39991659,15.67948,16.107632,15.068219,            ,39.23447345,57.8061364
NGC_957             ,4463,458113619961319808,1,0.7314780761170346,39.18683816,57.8413741,-0.17954937,-1.11488347,0.40470669,14.583831,14.990064,13.990988,            ,39.18683966,57.8413791
NGC_957             ,4463,458113856176962304,1,0.6827731733751857,38.95824241,57.7270563,-0.23816162,-1.21025973,0.42488255,17.320791,18.138838,16.424824,            ,38.95824439,57.7270617
NGC_957             ,4463,458114135357466240,1,0.7343461004788596,38.92687024,57.7401769,-0.19202863,-1.0366539,0.40140728,16.979982,17.78336,16.099245,            ,38.92687183,57.7401815
NGC_957             ,4463,458118121086736256,1,0.7079052437417215,38.5679472,57.5983585,-0.43368657,-1.07041368,0.38849196,16.507137,17.124239,15.744807,            ,38.5679508,57.5983633
NGC_957             ,4463,458118636482794496,1,0.692377044966719,38.5489874,57.6764874,-0.32926118,-1.04438436,0.35599274,15.941069,16.541204,15.188019,            ,38.54899014,57.676492
NGC_957             ,4463,458119186238589312,1,0.6839529400765224,38.621024,57.723295,-0.229689,-1.20164525,0.4106884,16.366072,16.95274,15.622424,            ,38.62102592,57.7233003
NGC_957             ,4463,458119220598354432,1,1.0,38.50506353,57.6520774,-0.30770481,-1.1502356,0.41274871,14.650632,15.065468,14.053585,            ,38.50506609,57.6520825
NGC_957             ,4463,458119529835993600,1,0.8601484891209392,38.47756929,57.6822412,-0.35988068,-1.13027719,0.40798432,11.173999,11.485493,10.679411,  -45.325092,38.47757228,57.6822462
NGC_957             ,4463,458120354469696768,1,0.7355910932497179,38.68275488,57.7095636,-0.30072161,-1.07901387,0.40064498,15.53774,15.989321,14.901901,            ,38.68275738,57.7095684
NGC_957             ,4463,458120869865750272,1,0.7159001599128187,38.73303284,57.7417602,-0.25021854,-1.09783339,0.43144266,14.606306,14.972892,14.040715,            ,38.73303492,57.7417651
NGC_957             ,4463,458122862730604800,1,0.7505591054993044,38.37410097,57.7305202,-0.27595525,-1.15353574,0.40407844,17.953707,18.906382,17.009743,            ,38.37410327,57.7305253
NGC_957             ,4463,458123373825319168,1,0.6865622988282614,38.45540441,57.7701186,-0.2192124,-1.04099645,0.43231617,12.645812,12.929538,12.192884,            ,38.45540624,57.7701233
NGC_957             ,4463,458136331748365824,1,0.7395547745034131,39.33857634,57.8533129,-0.1310323,-1.09564642,0.44214547,14.658161,15.086328,14.045058,            ,39.33857743,57.8533177
NGC_957             ,4463,458171309961659264,1,0.697299783820534,38.26383312,57.8294644,-0.31075298,-1.04393005,0.41931897,17.355274,18.126938,16.493143,            ,38.26383571,57.829469
NGC_957             ,4463,458175295691281920,1,0.697299783820534,38.11994952,57.8922944,-0.30740594,-1.10639661,0.4251373,15.782311,16.286776,15.105671,            ,38.11995209,57.8922993
