cluster_label,source_id,ra,dec,pmra,pmdec,pmra_error,pmdec_error,parallax,parallax_error,phot_g_mean_mag,phot_bp_mean_mag,phot_rp_mean_mag,ruwe,prob_A,membership_prob,prob_source,ms_flag,giant_flag,cluster_centre_ra,cluster_centre_dec,hunt24_name,simbad_name,sp_type,sp_class
188,457912856009998208,38.880828,57.399307,-0.248536,-1.142607,0.041617,0.045312,0.396420,0.054133,16.410200,17.162868,15.570205,0.993383,0.000000,0.961656,mcmc,,,38.347968,57.545864,NGC_957,"NGC   957, [FSR2007] 0603",,
188,458003187763094656,38.287684,57.342622,-0.398299,-1.011530,0.058435,0.061074,0.439662,0.072589,17.122965,17.917538,16.259502,1.033737,0.524774,0.939212,mcmc,,,38.347968,57.545864,NGC_957,"NGC   957, [FSR2007] 0603",,
188,458007688891541504,38.712686,57.434571,-0.320072,-1.089336,0.037482,0.042939,0.329908,0.050565,16.175762,16.737183,15.458035,0.998138,0.000000,0.945414,mcmc,,,38.347968,57.545864,NGC_957,"NGC   957, [FSR2007] 0603",,
188,457989993625875968,37.939959,57.251255,-0.320800,-1.154373,0.020373,0.020601,0.398529,0.024452,14.969873,15.316915,14.439034,1.020205,0.000000,0.968928,mcmc,,,38.347968,57.545864,NGC_957,"NGC   957, [FSR2007] 0603",,
188,457994735266530048,37.829089,57.360648,-0.364767,-1.179239,0.044031,0.044807,0.386237,0.053543,16.751303,17.543880,15.880146,1.022402,0.000000,0.930673,mcmc,,,38.347968,57.545864,NGC_957,"NGC   957, [FSR2007] 0603",,
188,458006108341005952,38.777769,57.348367,-0.199334,-1.052998,0.038705,0.044140,0.351326,0.049832,16.334700,16.915320,15.570930,1.045154,0.000000,0.918957,mcmc,,,38.347968,57.545864,NGC_957,"NGC   957, [FSR2007] 0603",,
188,458008788400403328,38.521098,57.377509,-0.304481,-0.974099,0.024465,0.027342,0.434523,0.032175,15.411364,15.949631,14.703398,0.957315,0.000000,0.975405,mcmc,,,38.347968,57.545864,NGC_957,"NGC   957, [FSR2007] 0603",,
188,458010128430155904,38.458069,57.440957,-0.217965,-1.062489,0.023869,0.025844,0.380730,0.030347,15.281283,15.739571,14.636765,0.999087,0.000000,0.986847,mcmc,,,38.347968,57.545864,NGC_957,"NGC   957, [FSR2007] 0603",,
188,458011777697554176,38.515608,57.490972,-0.348341,-1.133152,0.043855,0.042243,0.360091,0.054398,16.175220,16.746668,15.445450,1.060764,0.535804,0.977067,mcmc,,,38.347968,57.545864,NGC_957,"NGC   957, [FSR2007] 0603",,
188,458011812057291520,38.482351,57.496166,-0.251341,-1.098001,0.020573,0.021302,0.448615,0.026617,14.809228,15.198593,14.229010,1.004016,0.666568,0.991301,mcmc,,,38.347968,57.545864,NGC_957,"NGC   957, [FSR2007] 0603",,
188,457992604962787840,37.711104,57.272740,-0.252010,-1.130449,0.035481,0.035060,0.384857,0.040988,16.228777,16.760760,15.530791,0.974865,0.976297,0.930405,mcmc,,,38.347968,57.545864,NGC_957,"NGC   957, [FSR2007] 0603",,
188,458005318067037312,38.571334,57.321529,-0.289743,-1.159073,0.018541,0.019732,0.404455,0.024239,14.711315,15.114989,14.126148,1.072705,0.000000,0.986407,mcmc,,,38.347968,57.545864,NGC_957,"NGC   957, [FSR2007] 0603",,
188,458011021783565056,38.655916,57.479185,-0.211119,-1.175066,0.015966,0.017700,0.419319,0.021683,14.294161,14.630965,13.776294,1.002354,0.527753,0.986780,mcmc,,,38.347968,57.545864,NGC_957,"NGC   957, [FSR2007] 0603",,
188,458010197149623424,38.437147,57.453350,-0.325571,-1.090708,0.052447,0.056114,0.461148,0.066333,16.825735,17.613840,15.951424,1.046088,0.812696,0.982017,mcmc,,,38.347968,57.545864,NGC_957,"NGC   957, [FSR2007] 0603",,
188,458013289526205696,38.219646,57.303118,-0.362988,-0.980617,0.023551,0.025288,0.377039,0.029071,15.254366,15.674105,14.652432,0.969252,0.000000,0.934232,mcmc,,,38.347968,57.545864,NGC_957,"NGC   957, [FSR2007] 0603",,
188,458015248031238400,38.210782,57.385659,-0.294583,-1.079400,0.019216,0.018970,0.400734,0.023132,14.756104,15.225957,14.106778,1.081426,0.513180,0.993783,mcmc,,,38.347968,57.545864,NGC_957,"NGC   957, [FSR2007] 0603",,
188,458016588060987904,38.261039,57.444320,-0.366469,-1.114450,0.010584,0.011090,0.433553,0.013195,13.303060,13.637765,12.784367,1.024367,0.624212,0.992036,mcmc,,,38.347968,57.545864,NGC_957,"NGC   957, [FSR2007] 0603",,
188,457996899931066112,38.368636,57.157062,-0.200095,-1.111907,0.046954,0.049028,0.412394,0.058290,16.740376,17.399483,15.969246,1.056337,0.000000,0.901873,mcmc,,,38.347968,57.545864,NGC_957,"NGC   957, [FSR2007] 0603",,
188,458014973153348096,38.242216,57.358346,-0.251586,-1.106725,0.045623,0.045765,0.424966,0.055133,16.610790,17.340528,15.741021,1.027808,0.525901,0.984064,mcmc,,,38.347968,57.545864,NGC_957,"NGC   957, [FSR2007] 0603",,
188,457915707866873216,39.107732,57.572490,-0.353099,-1.136436,0.016548,0.017155,0.415162,0.019801,14.516180,14.907706,13.938522,1.058058,0.000000,0.966868,mcmc,,,38.347968,57.545864,NGC_957,"NGC   957, [FSR2007] 0603",,
188,458013392605574912,38.162974,57.289545,-0.264028,-0.996448,0.040406,0.042067,0.372785,0.049373,16.475641,17.123596,15.696248,0.987850,0.000000,0.951683,mcmc,,,38.347968,57.545864,NGC_957,"NGC   957, [FSR2007] 0603",,
188,458023597447535488,38.482923,57.517400,-0.217113,-1.171506,0.018819,0.020291,0.410484,0.024686,14.688303,15.100544,14.090775,1.025029,0.649512,0.990436,mcmc,,,38.347968,57.545864,NGC_957,"NGC   957, [FSR2007] 0603",,
188,457922133137921152,39.186514,57.623256,-0.180356,-1.073790,0.012795,0.013866,0.411681,0.015119,13.852071,14.239178,13.278119,1.001493,1.000000,0.941861,mcmc,,,38.347968,57.545864,NGC_957,"NGC   957, [FSR2007] 0603",,
188,458007654529215360,38.744277,57.416331,-0.293100,-1.122203,0.038668,0.041590,0.354170,0.052356,16.235268,16.794622,15.500996,1.110758,0.000000,0.966155,mcmc,,,38.347968,57.545864,NGC_957,"NGC   957, [FSR2007] 0603",,
188,458011674618335744,38.547397,57.491558,-0.295736,-1.014847,0.042790,0.046417,0.450130,0.056642,16.409706,17.034021,15.632251,1.062041,0.503401,0.981684,mcmc,,,38.347968,57.545864,NGC_957,"NGC   957, [FSR2007] 0603",,
188,458014732635178752,38.100910,57.378781,-0.192773,-1.034786,0.040697,0.041572,0.368557,0.046045,16.383951,16.968449,15.623943,1.018405,0.000000,0.962243,mcmc,,,38.347968,57.545864,NGC_957,"NGC   957, [FSR2007] 0603",,
188,458019199393796096,38.099486,57.428102,-0.324588,-1.051072,0.039255,0.040189,0.407308,0.037065,15.759660,16.154863,15.051013,1.024664,0.543205,0.989410,mcmc,,,38.347968,57.545864,NGC_957,"NGC   957, [FSR2007] 0603",,
188,458019916653812096,38.154399,57.491508,-0.173931,-1.152523,0.076483,0.082913,0.443359,0.094350,17.589098,18.448402,16.654577,0.951092,0.511127,0.956371,mcmc,,,38.347968,57.545864,NGC_957,"NGC   957, [FSR2007] 0603",,
188,458020883028245376,38.066478,57.516268,-0.229319,-0.951944,0.052250,0.053120,0.443510,0.063911,16.907630,17.664710,16.032470,1.015171,0.000000,0.952533,mcmc,,,38.347968,57.545864,NGC_957,"NGC   957, [FSR2007] 0603",,
188,458021295345076992,38.050701,57.558516,-0.284139,-1.102499,0.033726,0.033941,0.424352,0.041926,16.138695,16.726057,15.392624,1.020349,0.564633,0.991945,mcmc,,,38.347968,57.545864,NGC_957,"NGC   957, [FSR2007] 0603",,
188,458024044124105984,38.429303,57.561301,-0.194833,-1.060529,0.021638,0.023593,0.441523,0.028517,14.820470,15.172441,14.286731,1.095632,0.707604,0.988662,mcmc,,,38.347968,57.545864,NGC_957,"NGC   957, [FSR2007] 0603",,
188,458026208787635968,38.204839,57.572656,-0.201426,-1.194609,0.016171,0.017530,0.433645,0.020625,11.864969,12.222994,11.325129,1.357892,0.634607,0.983377,mcmc,,,38.347968,57.545864,NGC_957,"NGC   957, [FSR2007] 0603",,
188,458026449306085248,38.285586,57.578721,-0.145201,-0.990758,0.038244,0.039773,0.457858,0.046365,16.198442,16.864264,15.400848,0.986594,0.547210,0.939948,mcmc,,,38.347968,57.545864,NGC_957,"NGC   957, [FSR2007] 0603",,
188,458027377018704768,38.112766,57.633683,-0.247531,-1.178931,0.034368,0.033810,0.352396,0.040520,15.992394,16.500050,15.313694,1.006892,0.000000,0.962595,mcmc,,,38.347968,57.545864,NGC_957,"NGC   957, [FSR2007] 0603",,
188,458028064213786752,38.310676,57.627074,-0.316400,-1.076066,0.040710,0.044648,0.373857,0.049102,16.312775,16.915533,15.562025,1.058026,0.575902,0.987329,mcmc,,,38.347968,57.545864,NGC_957,"NGC   957, [FSR2007] 0603",,
188,458009784832780544,38.419768,57.436149,-0.342093,-1.099360,0.014074,0.014728,0.406155,0.017577,10.944648,11.268477,10.436509,1.224480,0.617250,0.994851,mcmc,,,38.347968,57.545864,NGC_957,"NGC   957, [FSR2007] 0603",,
188,458011743337823232,38.488664,57.485984,-0.358974,-1.177605,0.051940,0.055395,0.320237,0.066471,16.844038,17.533316,16.037172,0.999160,0.000000,0.935388,mcmc,,,38.347968,57.545864,NGC_957,"NGC   957, [FSR2007] 0603",,
188,458022291777498112,38.369053,57.506737,-0.337835,-1.181554,0.033247,0.034511,0.432654,0.045868,15.925291,16.628204,15.092562,0.989074,0.785164,0.984391,mcmc,,,38.347968,57.545864,NGC_957,"NGC   957, [FSR2007] 0603",,
188,458022802871827584,38.220819,57.496670,-0.365579,-1.127893,0.114940,0.117549,0.287596,0.132477,18.099567,19.014105,17.171246,0.977802,0.000000,0.920390,mcmc,,,38.347968,57.545864,NGC_957,"NGC   957, [FSR2007] 0603",,
188,458023906685172608,38.409018,57.537660,-0.259385,-1.066737,0.012696,0.013923,0.404921,0.017543,13.607064,14.027257,12.999406,1.077879,0.760255,0.996280,mcmc,,,38.347968,57.545864,NGC_957,"NGC   957, [FSR2007] 0603",,
188,458022738454120576,38.239245,57.488812,-0.282370,-1.070198,0.028678,0.031994,0.375389,0.036014,15.395301,15.955910,14.666320,1.227641,0.689289,0.990072,mcmc,,,38.347968,57.545864,NGC_957,"NGC   957, [FSR2007] 0603",,
188,458023047691993728,38.348516,57.520274,-0.225626,-1.158322,0.025198,0.025887,0.449368,0.033184,15.272631,15.701008,14.658936,0.981427,0.765958,0.986832,mcmc,,,38.347968,57.545864,NGC_957,"NGC   957, [FSR2007] 0603",,
188,458023528728027392,38.316030,57.579602,-0.232885,-1.210674,0.057082,0.058841,0.403310,0.069742,16.885883,17.656462,16.037445,1.032299,0.844395,0.970112,mcmc,,,38.347968,57.545864,NGC_957,"NGC   957, [FSR2007] 0603",,
188,458024044124101120,38.420380,57.568498,-0.314087,-1.134644,0.030622,0.033032,0.424562,0.039963,15.716344,16.155552,15.099529,1.014535,0.961045,0.992283,mcmc,,,38.347968,57.545864,NGC_957,"NGC   957, [FSR2007] 0603",,
188,458025487233082112,38.401345,57.616739,-0.316199,-1.071242,0.046872,0.049822,0.495047,0.056354,16.539505,17.233828,15.731809,0.970628,0.541622,0.975012,mcmc,,,38.347968,57.545864,NGC_957,"NGC   957, [FSR2007] 0603",,
188,458026346226590848,38.266159,57.563522,-0.167550,-0.972869,0.027812,0.029036,0.396679,0.032897,15.455113,15.873842,14.862068,1.048763,0.584307,0.963586,mcmc,,,38.347968,57.545864,NGC_957,"NGC   957, [FSR2007] 0603",,
188,458026449305794176,38.283069,57.577938,-0.262136,-1.170997,0.067551,0.073731,0.463802,0.082596,17.308828,18.135288,16.423304,0.976502,0.690555,0.974680,mcmc,,,38.347968,57.545864,NGC_957,"NGC   957, [FSR2007] 0603",,
188,457913027807362304,38.920055,57.434894,-0.363615,-1.216919,0.012882,0.013890,0.415068,0.017291,13.775429,14.064810,13.312194,1.064587,0.000000,0.945546,mcmc,,,38.347968,57.545864,NGC_957,"NGC   957, [FSR2007] 0603",,
188,458014904433879552,38.268620,57.344257,-0.202963,-1.014043,0.016579,0.016906,0.430257,0.019930,14.522241,14.916621,13.943699,1.054357,0.000000,0.983103,mcmc,,,38.347968,57.545864,NGC_957,"NGC   957, [FSR2007] 0603",,
188,457915123751355008,39.040909,57.505061,-0.246171,-1.163271,0.022036,0.022291,0.424831,0.027437,15.129427,15.543669,14.524877,1.069009,0.000000,0.966963,mcmc,,,38.347968,57.545864,NGC_957,"NGC   957, [FSR2007] 0603",,
188,458022291777496832,38.353233,57.510389,-0.316384,-1.042109,0.061501,0.061829,0.354313,0.072580,16.930033,17.736345,16.036762,1.018918,0.550289,0.976688,mcmc,,,38.347968,57.545864,NGC_957,"NGC   957, [FSR2007] 0603",,
188,458022532295700992,38.267994,57.472254,-0.283621,-1.149713,0.024619,0.027300,0.426252,0.031042,15.237262,15.632811,14.661112,1.083490,0.718092,0.993059,mcmc,,,38.347968,57.545864,NGC_957,"NGC   957, [FSR2007] 0603",,
188,458022532295702912,38.255336,57.471791,-0.294253,-1.099198,0.015141,0.016443,0.439941,0.018741,14.242098,14.603825,13.700422,0.976215,0.756538,0.994150,mcmc,,,38.347968,57.545864,NGC_957,"NGC   957, [FSR2007] 0603",,
188,458022562353600512,38.263425,57.481759,-0.312166,-1.068024,0.031005,0.033168,0.464330,0.038129,15.823734,16.294153,15.176750,1.004355,0.634788,0.986839,mcmc,,,38.347968,57.545864,NGC_957,"NGC   957, [FSR2007] 0603",,
188,458023116411200896,38.335631,57.533220,-0.338629,-1.103632,0.048166,0.049802,0.437183,0.064400,16.628410,17.306337,15.812511,0.942994,0.947499,0.986711,mcmc,,,38.347968,57.545864,NGC_957,"NGC   957, [FSR2007] 0603",,
188,458023116411207552,38.324897,57.526721,-0.348251,-1.188332,0.014270,0.015596,0.435261,0.019265,11.768575,12.054139,11.306491,1.276855,0.829500,0.987433,mcmc,,,38.347968,57.545864,NGC_957,"NGC   957, [FSR2007] 0603",,
188,458024078483833216,38.439877,57.572105,-0.278769,-1.115178,0.021736,0.023601,0.480799,0.028043,15.005161,15.390185,14.430836,1.044623,0.678105,0.966389,mcmc,,,38.347968,57.545864,NGC_957,"NGC   957, [FSR2007] 0603",,
188,458024765670988416,38.382921,57.569184,-0.350492,-1.172286,0.012469,0.012831,0.405274,0.015919,10.538606,10.797429,10.107277,1.012555,1.000000,0.992532,mcmc,,,38.347968,57.545864,NGC_957,"NGC   957, [FSR2007] 0603",,
188,458008062541226624,38.740935,57.462903,-0.271887,-1.094831,0.055581,0.057745,0.352767,0.071239,16.951267,17.794128,16.048933,1.012397,0.000000,0.966105,mcmc,,,38.347968,57.545864,NGC_957,"NGC   957, [FSR2007] 0603",,
188,458010265869085952,38.477718,57.468544,-0.318577,-1.127703,0.020538,0.021549,0.406654,0.026324,14.938556,15.428244,14.267813,1.025482,0.648808,0.994010,mcmc,,,38.347968,57.545864,NGC_957,"NGC   957, [FSR2007] 0603",,
188,458024868757812736,38.398421,57.581092,-0.334064,-1.178025,0.013664,0.015850,0.421451,0.017897,13.956218,14.317718,13.411841,1.005283,0.952602,0.992821,mcmc,,,38.347968,57.545864,NGC_957,"NGC   957, [FSR2007] 0603",,
188,458025796470820352,38.222766,57.513625,-0.312255,-1.128005,0.039175,0.041829,0.433991,0.046558,16.352764,16.931610,15.608192,1.002911,0.756538,0.990575,mcmc,,,38.347968,57.545864,NGC_957,"NGC   957, [FSR2007] 0603",,
188,458026174427918976,38.187702,57.549235,-0.240610,-0.971376,0.048255,0.052102,0.428483,0.059895,16.771944,17.538118,15.919389,0.936690,0.572857,0.973640,mcmc,,,38.347968,57.545864,NGC_957,"NGC   957, [FSR2007] 0603",,
188,458027205220044672,38.079531,57.593885,-0.237070,-1.108257,0.055592,0.058833,0.547338,0.070367,17.034870,17.804523,16.175692,1.044224,0.000000,0.930593,mcmc,,,38.347968,57.545864,NGC_957,"NGC   957, [FSR2007] 0603",,
188,457989100269480320,38.110539,57.212272,-0.285978,-1.133333,0.054629,0.053935,0.445245,0.066122,17.005701,17.751198,16.159327,0.999344,0.000000,0.936387,mcmc,,,38.347968,57.545864,NGC_957,"NGC   957, [FSR2007] 0603",,
188,458029056342896896,38.242026,57.645235,-0.307031,-1.245984,0.009512,0.009846,0.437828,0.011387,12.277777,12.584949,11.797325,0.898246,0.000000,0.962114,mcmc,,,38.347968,57.545864,NGC_957,"NGC   957, [FSR2007] 0603",,
188,457993944995787520,37.790218,57.270881,-0.291478,-1.029015,0.017841,0.018325,0.386960,0.020835,10.953465,11.145432,10.615315,0.984435,0.000000,0.954020,mcmc,,,38.347968,57.545864,NGC_957,"NGC   957, [FSR2007] 0603",,
188,458017859371362944,37.985916,57.400612,-0.390400,-1.169021,0.014580,0.015339,0.420680,0.018382,11.893614,12.173647,11.439658,1.311302,0.000000,0.978567,mcmc,,,38.347968,57.545864,NGC_957,"NGC   957, [FSR2007] 0603",,
188,458019302480338432,38.134923,57.435887,-0.230358,-0.984145,0.033636,0.035027,0.415389,0.040160,16.090471,16.603264,15.409961,1.012116,0.000000,0.979587,mcmc,,,38.347968,57.545864,NGC_957,"NGC   957, [FSR2007] 0603",,
188,458020951747708032,38.115346,57.531641,-0.385058,-1.109520,0.010498,0.010957,0.415234,0.013298,13.142781,13.473539,12.628293,1.017307,0.619335,0.993407,mcmc,,,38.347968,57.545864,NGC_957,"NGC   957, [FSR2007] 0603",,
188,458020505071132672,38.032231,57.506915,-0.251226,-1.109508,0.031816,0.032201,0.423967,0.038434,15.953913,16.470245,15.268126,1.040813,0.543303,0.991514,mcmc,,,38.347968,57.545864,NGC_957,"NGC   957, [FSR2007] 0603",,
188,458021879460652416,38.329193,57.490056,-0.408946,-0.952640,0.047669,0.049588,0.431706,0.060574,16.736053,17.389597,15.953248,1.011635,0.543055,0.926928,mcmc,,,38.347968,57.545864,NGC_957,"NGC   957, [FSR2007] 0603",,
188,458023047691739264,38.343866,57.512979,-0.293827,-1.089336,0.025651,0.024993,0.387097,0.032340,15.204534,15.687986,14.541729,0.998499,0.746487,0.993290,mcmc,,,38.347968,57.545864,NGC_957,"NGC   957, [FSR2007] 0603",,
188,458026311866862208,38.257865,57.552659,-0.278022,-1.150449,0.052205,0.054198,0.484472,0.065261,16.782234,17.484670,15.971822,1.075648,0.581274,0.978540,mcmc,,,38.347968,57.545864,NGC_957,"NGC   957, [FSR2007] 0603",,
188,458026513723952896,38.265638,57.590827,-0.436560,-1.186849,0.059804,0.061466,0.437606,0.072218,16.945261,17.796715,16.034365,1.008744,0.585338,0.935141,mcmc,,,38.347968,57.545864,NGC_957,"NGC   957, [FSR2007] 0603",,
188,458028098573197440,38.334318,57.625960,-0.233740,-1.005044,0.054161,0.055679,0.415372,0.062706,16.857832,17.544365,16.037472,0.969102,0.676761,0.979845,mcmc,,,38.347968,57.545864,NGC_957,"NGC   957, [FSR2007] 0603",,
188,458011434100419200,38.646670,57.521090,-0.166427,-1.163834,0.063002,0.070147,0.402917,0.084553,17.220213,18.048084,16.335188,0.965215,0.553897,0.946795,mcmc,,,38.347968,57.545864,NGC_957,"NGC   957, [FSR2007] 0603",,
188,458011812057298688,38.480598,57.488394,-0.371055,-1.045291,0.111619,0.114465,0.527868,0.141382,18.100668,19.030260,17.159813,1.004343,0.000000,0.927540,mcmc,,,38.347968,57.545864,NGC_957,"NGC   957, [FSR2007] 0603",,
188,458014457757286144,38.136945,57.354362,-0.268775,-1.089912,0.026249,0.027860,0.432600,0.031414,15.506435,15.949986,14.875784,0.982909,0.532153,0.990147,mcmc,,,38.347968,57.545864,NGC_957,"NGC   957, [FSR2007] 0603",,
188,458002981604684288,38.296612,57.310593,-0.203697,-1.223556,0.050324,0.050424,0.371377,0.057450,16.585865,17.237290,15.799355,1.091172,0.000000,0.906127,mcmc,,,38.347968,57.545864,NGC_957,"NGC   957, [FSR2007] 0603",,
188,458003497000741120,38.323661,57.337404,-0.345832,-0.981088,0.015744,0.015668,0.433358,0.018947,14.281146,14.692581,13.685416,1.058796,0.000000,0.975654,mcmc,,,38.347968,57.545864,NGC_957,"NGC   957, [FSR2007] 0603",,
188,458023219490406656,38.339999,57.544700,-0.277239,-1.029386,0.024823,0.027006,0.375789,0.033403,15.352020,15.794138,14.726615,1.024976,0.767659,0.988680,mcmc,,,38.347968,57.545864,NGC_957,"NGC   957, [FSR2007] 0603",,
188,458024009764368512,38.462676,57.556386,-0.180638,-1.093038,0.021872,0.023952,0.415787,0.028382,15.045744,15.410567,14.499857,1.039734,0.704870,0.990367,mcmc,,,38.347968,57.545864,NGC_957,"NGC   957, [FSR2007] 0603",,
188,458024898816299904,38.406519,57.606285,-0.459754,-1.071791,0.040640,0.042020,0.418066,0.048756,16.093000,16.619648,15.357052,1.080062,0.589504,0.948509,mcmc,,,38.347968,57.545864,NGC_957,"NGC   957, [FSR2007] 0603",,
188,458023185130667776,38.377997,57.540374,-0.160691,-1.055447,0.012441,0.014309,0.408103,0.017076,13.279520,13.653070,12.717806,1.174566,0.681355,0.989554,mcmc,,,38.347968,57.545864,NGC_957,"NGC   957, [FSR2007] 0603",,
188,458023219490409600,38.337046,57.541286,-0.385610,-1.092099,0.021407,0.023510,0.433834,0.028107,14.945650,15.351382,14.354079,0.969829,0.809004,0.989632,mcmc,,,38.347968,57.545864,NGC_957,"NGC   957, [FSR2007] 0603",,
188,458024765678604800,38.368760,57.576549,-0.320982,-1.040177,0.011880,0.012914,0.401242,0.015802,12.728894,13.061976,12.218746,1.069061,0.873948,0.995315,mcmc,,,38.347968,57.545864,NGC_957,"NGC   957, [FSR2007] 0603",,
188,458025143635705856,38.366053,57.608082,-0.286472,-1.081577,0.047419,0.051383,0.388489,0.056866,16.674223,17.334888,15.879122,1.011716,0.804620,0.988640,mcmc,,,38.347968,57.545864,NGC_957,"NGC   957, [FSR2007] 0603",,
188,458025384153849216,38.493268,57.637176,-0.229965,-1.169404,0.021194,0.024248,0.431289,0.026866,15.020897,15.421476,14.432837,1.046720,0.521655,0.989114,mcmc,,,38.347968,57.545864,NGC_957,"NGC   957, [FSR2007] 0603",,
188,458025487233078784,38.394662,57.622447,-0.211660,-1.039495,0.026111,0.029246,0.419365,0.032918,15.463304,15.906373,14.840732,1.006993,0.671712,0.990716,mcmc,,,38.347968,57.545864,NGC_957,"NGC   957, [FSR2007] 0603",,
188,458026002629225216,38.226558,57.546715,-0.396198,-1.119231,0.012395,0.013113,0.422640,0.015621,12.098021,12.404795,11.615844,1.128161,0.729426,0.991633,mcmc,,,38.347968,57.545864,NGC_957,"NGC   957, [FSR2007] 0603",,
188,458027548817395584,38.203313,57.623766,-0.168593,-1.045365,0.030027,0.029835,0.464986,0.034397,15.572620,16.090670,14.884094,1.051850,0.000000,0.964684,mcmc,,,38.347968,57.545864,NGC_957,"NGC   957, [FSR2007] 0603",,
188,458005455506061568,38.628717,57.334002,-0.243441,-1.171626,0.027900,0.030059,0.424284,0.036459,15.598851,16.030132,14.982629,1.072384,0.000000,0.976491,mcmc,,,38.347968,57.545864,NGC_957,"NGC   957, [FSR2007] 0603",,
188,458005657363930752,38.647375,57.362163,-0.251787,-1.026036,0.059526,0.065873,0.313807,0.076154,17.089260,17.853136,16.226688,1.027903,0.000000,0.914091,mcmc,,,38.347968,57.545864,NGC_957,"NGC   957, [FSR2007] 0603",,
188,457994426028894976,37.866685,57.315928,-0.326646,-1.120750,0.017723,0.018193,0.362418,0.021042,14.755747,15.056902,14.280776,0.938717,1.000000,0.906488,mcmc,,,38.347968,57.545864,NGC_957,"NGC   957, [FSR2007] 0603",,
188,458005421146252160,38.633972,57.313649,-0.324732,-1.139611,0.042815,0.045552,0.408132,0.055023,16.366245,16.995472,15.594205,1.061963,0.000000,0.969291,mcmc,,,38.347968,57.545864,NGC_957,"NGC   957, [FSR2007] 0603",,
188,457915673507144064,39.094671,57.552416,-0.211086,-1.131934,0.013493,0.013974,0.416946,0.015696,13.926045,14.320102,13.345904,1.065171,0.979789,0.972257,mcmc,,,38.347968,57.545864,NGC_957,"NGC   957, [FSR2007] 0603",,
188,457990199781090816,38.051801,57.251076,-0.311623,-1.159842,0.056464,0.058505,0.443971,0.069721,17.089758,17.842295,16.230314,1.055227,0.000000,0.935627,mcmc,,,38.347968,57.545864,NGC_957,"NGC   957, [FSR2007] 0603",,
188,457993807553597184,37.909572,57.333379,-0.242738,-1.158867,0.059287,0.060339,0.405176,0.066091,17.121042,17.853428,16.289910,1.019835,0.980176,0.951359,mcmc,,,38.347968,57.545864,NGC_957,"NGC   957, [FSR2007] 0603",,
188,458028029853736576,38.289764,57.606011,-0.207056,-1.110985,0.054557,0.056127,0.535855,0.064867,16.906443,17.627054,16.063110,0.975420,0.000000,0.934244,mcmc,,,38.347968,57.545864,NGC_957,"NGC   957, [FSR2007] 0603",,
188,458021604582766720,38.377904,57.456043,-0.269587,-1.063252,0.034879,0.035873,0.482853,0.043379,16.108654,16.627430,15.428429,0.973393,0.614091,0.978485,mcmc,,,38.347968,57.545864,NGC_957,"NGC   957, [FSR2007] 0603",,
188,458021742021729280,38.312641,57.454310,-0.392261,-1.157328,0.013487,0.014095,0.415398,0.016563,13.915699,14.254382,13.398009,1.022732,0.630613,0.988901,mcmc,,,38.347968,57.545864,NGC_957,"NGC   957, [FSR2007] 0603",,
188,458021845100927104,38.311238,57.472991,-0.201982,-1.036184,0.023760,0.024828,0.396259,0.028796,15.289300,15.685234,14.711719,1.004509,0.655247,0.989068,mcmc,,,38.347968,57.545864,NGC_957,"NGC   957, [FSR2007] 0603",,
188,458022257417767040,38.345979,57.500361,-0.327465,-1.187243,0.031446,0.032765,0.483713,0.038654,15.858795,16.335280,15.205278,0.993422,0.674196,0.955690,mcmc,,,38.347968,57.545864,NGC_957,"NGC   957, [FSR2007] 0603",,
188,458023288209900544,38.302448,57.528086,-0.316096,-1.067666,0.016530,0.017389,0.409589,0.021544,14.416152,14.838553,13.809222,1.058501,0.911919,0.995982,mcmc,,,38.347968,57.545864,NGC_957,"NGC   957, [FSR2007] 0603",,
188,458023631807274880,38.445540,57.521716,-0.211273,-1.112239,0.015512,0.016007,0.434092,0.019715,14.116264,14.490246,13.561559,1.034413,0.836458,0.993055,mcmc,,,38.347968,57.545864,NGC_957,"NGC   957, [FSR2007] 0603",,
188,458023868023898112,38.426504,57.541257,-0.265299,-1.154400,0.087851,0.093095,0.317451,0.112918,17.731361,18.606512,16.804453,1.048929,0.537488,0.953938,mcmc,,,38.347968,57.545864,NGC_957,"NGC   957, [FSR2007] 0603",,
188,458065859927404800,37.811652,57.486161,-0.326088,-1.167939,0.012974,0.013284,0.428139,0.015723,13.869284,14.214839,13.334441,1.039237,0.504627,0.986308,mcmc,,,38.347968,57.545864,NGC_957,"NGC   957, [FSR2007] 0603",,
188,458007444065678848,38.636090,57.411455,-0.355809,-1.260482,0.013054,0.014504,0.433182,0.017168,12.834988,13.092948,12.300920,1.114564,0.000000,0.911638,mcmc,,,38.347968,57.545864,NGC_957,"NGC   957, [FSR2007] 0603",,
188,458009441235423872,38.457271,57.397409,-0.293029,-1.155222,0.059313,0.085044,0.521714,0.087872,16.869005,,,0.947878,0.000000,0.949001,mcmc,,,38.347968,57.545864,NGC_957,"NGC   957, [FSR2007] 0603",,
188,458005764743443072,38.560127,57.348543,-0.241221,-0.958695,0.061225,0.064648,0.384353,0.076900,17.126492,17.842144,16.302952,1.041598,0.000000,0.923380,mcmc,,,38.347968,57.545864,NGC_957,"NGC   957, [FSR2007] 0603",,
188,457993773193857792,37.931629,57.337912,-0.316489,-1.044765,0.051967,0.054970,0.369203,0.060430,16.882553,17.550137,16.083353,1.075805,1.000000,0.955519,mcmc,,,38.347968,57.545864,NGC_957,"NGC   957, [FSR2007] 0603",,
188,458009063278300160,38.504533,57.393233,-0.321675,-1.168684,0.041419,0.046079,0.441514,0.053697,16.420927,17.084827,15.627402,1.030521,0.000000,0.977814,mcmc,,,38.347968,57.545864,NGC_957,"NGC   957, [FSR2007] 0603",,
188,458034317686912640,37.476769,57.246021,-0.315172,-1.090882,0.012307,0.013031,0.397364,0.016229,12.952284,13.244198,12.485847,1.006991,0.000000,0.903998,mcmc,,,38.347968,57.545864,NGC_957,"NGC   957, [FSR2007] 0603",,
188,458024761377257728,38.395527,57.578389,-0.344342,-1.117956,0.097121,0.101589,0.299499,0.124367,17.807450,18.712725,16.857454,0.962871,0.548329,0.943400,mcmc,,,38.347968,57.545864,NGC_957,"NGC   957, [FSR2007] 0603",,
188,458026105708453376,38.146792,57.539236,-0.277034,-1.119763,0.021720,0.024055,0.432797,0.026668,11.425577,11.724225,10.947184,1.571647,0.715559,0.994358,mcmc,,,38.347968,57.545864,NGC_957,"NGC   957, [FSR2007] 0603",,
188,458026208787641984,38.219995,57.565133,-0.387603,-1.136209,0.035118,0.034196,0.468791,0.040679,15.933682,16.537590,15.177871,1.008482,0.525888,0.971220,mcmc,,,38.347968,57.545864,NGC_957,"NGC   957, [FSR2007] 0603",,
188,458029507322442496,38.239594,57.702268,-0.295018,-1.225019,0.048097,0.047389,0.443374,0.057671,16.676430,17.527384,15.773050,0.946717,0.000000,0.960603,mcmc,,,38.347968,57.545864,NGC_957,"NGC   957, [FSR2007] 0603",,
188,458012396172798080,38.552524,57.546288,-0.266437,-1.130779,0.020917,0.024639,0.413840,0.027888,14.690152,15.043903,14.150969,1.152080,0.696756,0.994208,mcmc,,,38.347968,57.545864,NGC_957,"NGC   957, [FSR2007] 0603",,
188,458013770562566272,38.043997,57.291143,-0.208324,-1.115931,0.012992,0.013608,0.382647,0.015623,14.034997,14.364757,13.526381,1.049496,0.000000,0.964940,mcmc,,,38.347968,57.545864,NGC_957,"NGC   957, [FSR2007] 0603",,
188,458015282390973696,38.219403,57.388616,-0.323669,-1.142515,0.021851,0.021807,0.426815,0.027198,15.184331,15.651608,14.532975,1.030418,0.523839,0.991236,mcmc,,,38.347968,57.545864,NGC_957,"NGC   957, [FSR2007] 0603",,
188,458012258733832448,38.611891,57.552301,-0.332249,-1.158299,0.017335,0.018981,0.412897,0.024882,14.647248,15.017520,14.093548,1.020906,0.619907,0.991704,mcmc,,,38.347968,57.545864,NGC_957,"NGC   957, [FSR2007] 0603",,
188,458012361813063168,38.528713,57.545864,-0.199481,-1.156095,0.047658,0.052117,0.378378,0.061260,16.667423,17.349062,15.868259,1.008754,0.542287,0.974121,mcmc,,,38.347968,57.545864,NGC_957,"NGC   957, [FSR2007] 0603",,
188,458013564404094720,38.186521,57.336698,-0.269460,-1.160830,0.049691,0.051329,0.419999,0.058479,16.826620,17.604950,15.963413,0.994173,0.532153,0.975325,mcmc,,,38.347968,57.545864,NGC_957,"NGC   957, [FSR2007] 0603",,
188,458002569287793152,38.445564,57.337478,-0.291743,-1.103715,0.024435,0.026787,0.416937,0.030529,15.391759,15.905360,14.701731,1.018012,0.000000,0.991087,mcmc,,,38.347968,57.545864,NGC_957,"NGC   957, [FSR2007] 0603",,
188,458010987423827968,38.653133,57.474305,-0.352280,-1.191332,0.010726,0.012082,0.457891,0.015221,12.455827,12.737761,12.003891,1.013663,0.505248,0.922468,mcmc,,,38.347968,57.545864,NGC_957,"NGC   957, [FSR2007] 0603",,
188,458012877209380096,38.119351,57.259137,-0.176839,-1.098302,0.024706,0.025054,0.400811,0.029320,15.527086,15.956836,14.915844,1.041903,0.000000,0.965217,mcmc,,,38.347968,57.545864,NGC_957,"NGC   957, [FSR2007] 0603",,
188,458075274495618048,38.000537,57.659169,-0.147582,-1.027101,0.070012,0.067733,0.335296,0.083733,17.340500,,,1.017292,0.000000,0.900963,mcmc,,,38.347968,57.545864,NGC_957,"NGC   957, [FSR2007] 0603",,
188,458019542998761984,38.048694,57.462358,-0.354010,-1.129274,0.021888,0.023499,0.413155,0.025927,15.031589,15.432503,14.449523,1.032092,0.553776,0.991293,mcmc,,,38.347968,57.545864,NGC_957,"NGC   957, [FSR2007] 0603",,
188,458022459274258560,38.282770,57.453252,-0.245648,-1.228792,0.048489,0.053955,0.371666,0.064602,16.721190,17.504710,15.845817,1.032195,0.000000,0.954891,mcmc,,,38.347968,57.545864,NGC_957,"NGC   957, [FSR2007] 0603",,
188,458022738454125440,38.251719,57.480135,-0.273741,-1.101241,0.039003,0.043275,0.389383,0.047344,16.159842,16.691858,15.451420,1.021804,0.707506,0.990482,mcmc,,,38.347968,57.545864,NGC_957,"NGC   957, [FSR2007] 0603",,
188,458023219490406400,38.331336,57.546000,-0.299596,-1.149881,0.012054,0.012777,0.387172,0.015736,13.582097,13.950202,13.030721,1.035809,0.813071,0.992048,mcmc,,,38.347968,57.545864,NGC_957,"NGC   957, [FSR2007] 0603",,
188,458023253850133376,38.351770,57.556257,-0.236762,-1.054030,0.020727,0.022094,0.427801,0.027472,14.917480,15.414879,14.238898,1.024727,0.872047,0.994150,mcmc,,,38.347968,57.545864,NGC_957,"NGC   957, [FSR2007] 0603",,
188,458023356929636224,38.278294,57.549665,-0.267507,-1.134386,0.018470,0.020366,0.421969,0.024245,14.651921,15.082966,14.039935,1.079823,0.959027,0.995366,mcmc,,,38.347968,57.545864,NGC_957,"NGC   957, [FSR2007] 0603",,
188,458009819192534016,38.479760,57.409508,-0.299005,-1.110369,0.040441,0.043790,0.352163,0.052810,16.374737,17.001980,15.603221,1.005245,0.000000,0.977090,mcmc,,,38.347968,57.545864,NGC_957,"NGC   957, [FSR2007] 0603",,
188,458011605898859904,38.560478,57.488764,-0.206315,-1.144021,0.059712,0.064683,0.487535,0.079949,17.038052,17.758894,16.205153,0.950529,0.000000,0.962328,mcmc,,,38.347968,57.545864,NGC_957,"NGC   957, [FSR2007] 0603",,
188,458012293093602048,38.548456,57.523643,-0.278591,-1.097361,0.054390,0.060447,0.436648,0.072127,16.926320,17.643215,16.091150,0.985756,0.623878,0.984268,mcmc,,,38.347968,57.545864,NGC_957,"NGC   957, [FSR2007] 0603",,
188,458018542262985088,37.889050,57.428877,-0.373864,-1.177551,0.010671,0.010776,0.409952,0.012919,12.320739,12.622479,11.847611,1.033022,0.489826,0.981856,mcmc,,,38.347968,57.545864,NGC_957,"NGC   957, [FSR2007] 0603",,
188,458021054826903296,38.097219,57.558215,-0.335153,-1.115524,0.043461,0.046111,0.409713,0.055775,16.568373,17.233833,15.767507,1.026896,0.628174,0.987391,mcmc,,,38.347968,57.545864,NGC_957,"NGC   957, [FSR2007] 0603",,
188,458086407050632320,37.604817,57.785064,-0.285321,-1.057911,0.036603,0.036219,0.410220,0.042199,15.978217,16.504255,15.286798,0.994091,1.000000,0.941543,mcmc,,,38.347968,57.545864,NGC_957,"NGC   957, [FSR2007] 0603",,
188,458021535863298304,38.384148,57.446126,-0.406059,-1.072076,0.055186,0.058632,0.449171,0.070612,17.013160,17.744110,16.185888,0.980573,0.660896,0.965669,mcmc,,,38.347968,57.545864,NGC_957,"NGC   957, [FSR2007] 0603",,
188,458021982539875584,38.393031,57.470007,-0.256952,-1.058601,0.018676,0.019596,0.458802,0.023635,14.754954,15.160647,14.169641,1.034324,0.666568,0.985532,mcmc,,,38.347968,57.545864,NGC_957,"NGC   957, [FSR2007] 0603",,
188,458022051259344640,38.424860,57.477016,-0.454794,-1.099444,0.029539,0.031757,0.424859,0.040341,15.766148,16.358300,15.016732,1.034022,0.615164,0.954442,mcmc,,,38.347968,57.545864,NGC_957,"NGC   957, [FSR2007] 0603",,
188,458022497935957632,38.290248,57.474170,-0.386210,-1.042388,0.038819,0.041614,0.395400,0.048629,16.387022,16.969435,15.652283,1.022433,0.627791,0.980478,mcmc,,,38.347968,57.545864,NGC_957,"NGC   957, [FSR2007] 0603",,
188,458013323885946496,38.202296,57.301089,-0.246800,-1.097132,0.027410,0.028592,0.386666,0.032733,15.507147,15.942897,14.887295,1.072729,0.000000,0.983085,mcmc,,,38.347968,57.545864,NGC_957,"NGC   957, [FSR2007] 0603",,
188,458006894309864704,38.761872,57.417232,-0.287185,-1.153512,0.019200,0.020786,0.413139,0.024744,14.742738,15.110634,14.096927,1.095238,0.000000,0.988362,mcmc,,,38.347968,57.545864,NGC_957,"NGC   957, [FSR2007] 0603",,
188,457993223438066048,37.876643,57.276227,-0.403670,-1.119224,0.015712,0.017208,0.409489,0.019759,14.340478,14.615631,13.898600,1.070964,0.986482,0.955301,mcmc,,,38.347968,57.545864,NGC_957,"NGC   957, [FSR2007] 0603",,
188,458007929407115008,38.708710,57.455064,-0.142331,-1.094118,0.070756,0.073706,0.350881,0.091917,17.384003,18.246716,16.434074,1.026452,0.000000,0.908045,mcmc,,,38.347968,57.545864,NGC_957,"NGC   957, [FSR2007] 0603",,
188,458008719680938752,38.548302,57.355232,-0.230011,-1.060140,0.058217,0.065211,0.477773,0.074764,17.049442,17.775906,16.222645,1.043052,0.000000,0.958742,mcmc,,,38.347968,57.545864,NGC_957,"NGC   957, [FSR2007] 0603",,
188,458011502819660160,38.531757,57.471596,-0.283253,-1.029302,0.035789,0.039467,0.383516,0.045655,16.068377,16.578327,15.374539,1.028177,0.554982,0.986101,mcmc,,,38.347968,57.545864,NGC_957,"NGC   957, [FSR2007] 0603",,
188,458066753280603648,37.748121,57.488450,-0.396525,-0.963643,0.015927,0.017330,0.410593,0.018953,14.371920,14.761726,13.796790,1.053574,0.000000,0.930314,mcmc,,,38.347968,57.545864,NGC_957,"NGC   957, [FSR2007] 0603",,
188,458018958882967936,37.922909,57.444695,-0.329111,-1.113802,0.034576,0.035969,0.364131,0.041628,16.202808,16.749146,15.493557,0.991692,0.000000,0.974270,mcmc,,,38.347968,57.545864,NGC_957,"NGC   957, [FSR2007] 0603",,
188,458068127670090752,38.013013,57.569426,-0.348878,-1.117437,0.056712,0.057491,0.535425,0.072238,17.114431,17.846306,16.276566,0.995705,0.000000,0.936409,mcmc,,,38.347968,57.545864,NGC_957,"NGC   957, [FSR2007] 0603",,
188,458008066846064640,38.731762,57.474527,-0.126213,-1.019866,0.025855,0.027650,0.409559,0.033952,15.516105,15.957841,14.889529,1.038798,0.492629,0.933800,mcmc,,,38.347968,57.545864,NGC_957,"NGC   957, [FSR2007] 0603",,
188,458074484221647488,38.005868,57.640288,-0.162327,-1.125599,0.045736,0.047436,0.475089,0.058491,16.527231,17.188936,15.725319,1.030649,0.490107,0.949450,mcmc,,,38.347968,57.545864,NGC_957,"NGC   957, [FSR2007] 0603",,
188,458074587300846464,38.059270,57.660082,-0.309275,-1.076013,0.057066,0.056489,0.348681,0.068751,16.948519,17.652800,16.128035,1.032092,0.000000,0.972095,mcmc,,,38.347968,57.545864,NGC_957,"NGC   957, [FSR2007] 0603",,
188,458075446294295552,37.998530,57.687845,-0.319192,-0.950321,0.011644,0.011562,0.444025,0.014111,12.675394,13.035081,12.136880,1.019954,0.521004,0.944682,mcmc,,,38.347968,57.545864,NGC_957,"NGC   957, [FSR2007] 0603",,
188,458021776381456384,38.341633,57.462981,-0.210869,-1.078619,0.020184,0.020541,0.419811,0.024438,14.780012,15.150293,14.227463,1.013021,0.613404,0.993671,mcmc,,,38.347968,57.545864,NGC_957,"NGC   957, [FSR2007] 0603",,
188,458022188698297344,38.378624,57.484360,-0.303186,-1.122193,0.018434,0.020301,0.462475,0.024087,11.913387,12.208101,11.438156,1.731528,0.833752,0.983715,mcmc,,,38.347968,57.545864,NGC_957,"NGC   957, [FSR2007] 0603",,
188,458022257417770496,38.336557,57.495394,-0.299312,-0.937908,0.022373,0.023391,0.396607,0.028347,14.907057,15.298513,14.303210,1.141088,0.623319,0.970941,mcmc,,,38.347968,57.545864,NGC_957,"NGC   957, [FSR2007] 0603",,
188,458025555952547584,38.375123,57.639345,-0.210027,-0.990946,0.060605,0.063557,0.357295,0.071881,17.080969,17.803963,16.247938,0.965179,0.547908,0.957006,mcmc,,,38.347968,57.545864,NGC_957,"NGC   957, [FSR2007] 0603",,
188,458026105708451328,38.147189,57.542655,-0.310543,-1.078897,0.021741,0.022321,0.395020,0.026942,14.872494,15.274558,14.285515,0.999015,0.690279,0.994154,mcmc,,,38.347968,57.545864,NGC_957,"NGC   957, [FSR2007] 0603",,
188,458022360496966656,38.408639,57.511510,-0.391035,-1.158773,0.042852,0.044852,0.491478,0.055571,16.476322,17.105530,15.705724,1.018391,0.636320,0.949906,mcmc,,,38.347968,57.545864,NGC_957,"NGC   957, [FSR2007] 0603",,
188,458022493632894464,38.284139,57.469671,-0.272685,-1.103722,0.012453,0.012899,0.408388,0.014857,11.844423,12.213348,11.267844,1.167711,0.756538,0.996715,mcmc,,,38.347968,57.545864,NGC_957,"NGC   957, [FSR2007] 0603",,
188,458023563087809408,38.453927,57.505703,-0.403247,-1.052383,0.042441,0.042127,0.391439,0.052557,16.229424,17.004005,15.359081,1.114792,0.543541,0.974966,mcmc,,,38.347968,57.545864,NGC_957,"NGC   957, [FSR2007] 0603",,
188,458025212355181952,38.432083,57.600698,-0.261022,-1.152384,0.019848,0.024384,0.358524,0.026696,11.342761,11.614619,10.895773,1.252643,0.546363,0.970917,mcmc,,,38.347968,57.545864,NGC_957,"NGC   957, [FSR2007] 0603",,
188,458025792166826240,38.210756,57.518160,-0.273319,-1.179404,0.042273,0.041224,0.386890,0.046819,16.326931,16.904964,15.591320,0.987983,0.680431,0.984776,mcmc,,,38.347968,57.545864,NGC_957,"NGC   957, [FSR2007] 0603",,
188,458026311866863360,38.245668,57.552565,-0.225239,-1.183938,0.017855,0.018842,0.413967,0.022156,14.624130,15.063942,14.000128,0.965810,0.777792,0.991084,mcmc,,,38.347968,57.545864,NGC_957,"NGC   957, [FSR2007] 0603",,
188,458026346226582400,38.269498,57.573232,-0.388539,-1.129584,0.033935,0.035441,0.428525,0.041503,15.941068,16.462862,15.245199,1.047265,0.780656,0.985221,mcmc,,,38.347968,57.545864,NGC_957,"NGC   957, [FSR2007] 0603",,
188,458026346226583296,38.277705,57.570773,-0.257161,-1.067689,0.013404,0.014385,0.430586,0.016651,12.067085,12.403794,11.552276,1.265989,0.844267,0.995873,mcmc,,,38.347968,57.545864,NGC_957,"NGC   957, [FSR2007] 0603",,
188,458026964701879936,38.117073,57.583999,-0.298438,-1.123437,0.030362,0.032935,0.426521,0.038228,15.794004,16.302612,15.115789,1.046024,0.601228,0.992548,mcmc,,,38.347968,57.545864,NGC_957,"NGC   957, [FSR2007] 0603",,
188,458023906685162112,38.404354,57.550548,-0.255372,-1.064041,0.029228,0.032127,0.507564,0.044082,15.726850,16.248013,15.031220,1.016908,0.543497,0.956647,mcmc,,,38.347968,57.545864,NGC_957,"NGC   957, [FSR2007] 0603",,
188,458025006196770816,38.326135,57.584492,-0.199410,-1.099992,0.047275,0.049975,0.476332,0.059185,16.668120,17.391910,15.837924,0.933718,0.614755,0.977247,mcmc,,,38.347968,57.545864,NGC_957,"NGC   957, [FSR2007] 0603",,
188,458025074916231552,38.371274,57.603823,-0.172612,-1.175286,0.049735,0.055636,0.399054,0.062995,16.765926,17.477016,15.937758,1.023650,0.654466,0.967264,mcmc,,,38.347968,57.545864,NGC_957,"NGC   957, [FSR2007] 0603",,
188,458025246714912000,38.447434,57.612740,-0.302194,-1.110483,0.033083,0.035617,0.434054,0.039544,15.816291,16.292330,15.157995,1.003741,0.720072,0.992286,mcmc,,,38.347968,57.545864,NGC_957,"NGC   957, [FSR2007] 0603",,
188,458025384153848320,38.492872,57.639811,-0.277542,-1.057950,0.029532,0.034439,0.495835,0.038753,15.688761,16.129604,15.069283,1.047029,0.000000,0.957525,mcmc,,,38.347968,57.545864,NGC_957,"NGC   957, [FSR2007] 0603",,
188,458025590312275584,38.396776,57.660899,-0.245214,-1.058295,0.022885,0.024797,0.395890,0.026296,15.065804,15.471324,14.477262,0.991503,0.543858,0.992967,mcmc,,,38.347968,57.545864,NGC_957,"NGC   957, [FSR2007] 0603",,
188,458026002629222016,38.215422,57.551875,-0.303418,-1.179124,0.019078,0.021153,0.421884,0.024017,14.738852,15.200135,14.089993,1.071382,0.818450,0.992592,mcmc,,,38.347968,57.545864,NGC_957,"NGC   957, [FSR2007] 0603",,
188,458020122812272384,38.136740,57.503892,-0.286556,-1.075960,0.046651,0.048385,0.383700,0.056545,16.751305,17.410168,15.958495,0.998454,0.581200,0.987458,mcmc,,,38.347968,57.545864,NGC_957,"NGC   957, [FSR2007] 0603",,
188,458010197152415872,38.428466,57.462500,-0.292102,-1.079797,0.033431,0.034357,0.442299,0.040760,15.953414,16.463297,15.271702,1.011357,0.791742,0.991360,mcmc,,,38.347968,57.545864,NGC_957,"NGC   957, [FSR2007] 0603",,
188,458011331021205888,38.659448,57.504606,-0.283804,-1.094953,0.027081,0.028006,0.421826,0.033951,15.417648,15.855134,14.791623,0.991025,0.619907,0.992469,mcmc,,,38.347968,57.545864,NGC_957,"NGC   957, [FSR2007] 0603",,
188,458009922271731968,38.462875,57.432580,-0.317794,-1.083563,0.027685,0.031356,0.376473,0.035326,15.570660,16.061226,14.908380,1.057984,0.504690,0.987979,mcmc,,,38.347968,57.545864,NGC_957,"NGC   957, [FSR2007] 0603",,
188,458011434100126208,38.643557,57.531639,-0.318284,-1.169207,0.100580,0.106651,0.360075,0.136029,18.076067,19.141272,17.055616,0.998624,0.000000,0.934628,mcmc,,,38.347968,57.545864,NGC_957,"NGC   957, [FSR2007] 0603",,
188,458016549399162112,38.249477,57.430942,-0.296898,-1.115093,0.033446,0.035655,0.404581,0.043060,16.074500,16.570053,15.349815,0.999614,0.682805,0.991313,mcmc,,,38.347968,57.545864,NGC_957,"NGC   957, [FSR2007] 0603",,
188,458072491356823424,37.848300,57.658349,-0.331702,-1.122400,0.026853,0.029022,0.437850,0.034753,15.491931,15.940935,14.865606,0.992650,0.000000,0.983335,mcmc,,,38.347968,57.545864,NGC_957,"NGC   957, [FSR2007] 0603",,
188,458074346782689152,38.069165,57.638921,-0.259274,-1.159912,0.026605,0.027110,0.397533,0.032975,15.382931,15.820879,14.757539,1.053353,0.512941,0.989286,mcmc,,,38.347968,57.545864,NGC_957,"NGC   957, [FSR2007] 0603",,
188,458021260985324800,38.080661,57.572236,-0.151649,-1.078648,0.040691,0.041025,0.366142,0.051443,16.489328,17.203730,15.665256,0.953825,0.000000,0.959922,mcmc,,,38.347968,57.545864,NGC_957,"NGC   957, [FSR2007] 0603",,
188,458022119978807936,38.408296,57.499538,-0.398262,-1.093921,0.052550,0.056356,0.443302,0.071220,16.838264,17.723780,15.899563,0.996148,0.741980,0.972809,mcmc,,,38.347968,57.545864,NGC_957,"NGC   957, [FSR2007] 0603",,
188,458022978972258432,38.250500,57.530860,-0.448349,-1.113859,0.011757,0.012323,0.416713,0.014645,12.810168,13.204842,12.236571,1.073541,0.667349,0.978669,mcmc,,,38.347968,57.545864,NGC_957,"NGC   957, [FSR2007] 0603",,
188,458023150770934016,38.364931,57.536444,-0.265173,-1.126192,0.026245,0.028796,0.480268,0.035749,15.399504,15.893419,14.723151,1.097918,0.770836,0.978010,mcmc,,,38.347968,57.545864,NGC_957,"NGC   957, [FSR2007] 0603",,
188,458023253850138112,38.354704,57.551910,-0.212856,-1.216238,0.037808,0.040224,0.387584,0.049608,16.218744,16.777523,15.438670,1.038844,0.640242,0.967948,mcmc,,,38.347968,57.545864,NGC_957,"NGC   957, [FSR2007] 0603",,
188,458023391289100544,38.293976,57.548357,-0.381570,-1.146849,0.015080,0.015726,0.407819,0.019229,11.023850,11.361074,10.481891,1.298778,0.859578,0.991461,mcmc,,,38.347968,57.545864,NGC_957,"NGC   957, [FSR2007] 0603",,
188,458023936741891712,38.406135,57.556504,-0.328276,-1.179957,0.011851,0.012403,0.452822,0.015351,12.179430,12.471642,11.716210,1.001461,0.742915,0.974477,mcmc,,,38.347968,57.545864,NGC_957,"NGC   957, [FSR2007] 0603",,
188,458024009764357504,38.456775,57.568592,-0.422304,-1.171192,0.094713,0.098871,0.421334,0.122803,17.746468,18.705774,16.771800,0.987989,0.713696,0.929090,mcmc,,,38.347968,57.545864,NGC_957,"NGC   957, [FSR2007] 0603",,
188,458071804158161664,37.653550,57.644178,-0.273042,-1.000462,0.066807,0.069286,0.434870,0.084205,17.257452,18.028673,16.339476,1.051849,1.000000,0.908074,mcmc,,,38.347968,57.545864,NGC_957,"NGC   957, [FSR2007] 0603",,
188,458074518581381504,38.008916,57.645539,-0.201627,-0.950179,0.054713,0.054731,0.474130,0.067061,16.862003,17.566580,16.032814,1.031882,0.521004,0.910372,mcmc,,,38.347968,57.545864,NGC_957,"NGC   957, [FSR2007] 0603",,
188,458075892970869504,38.029404,57.722058,-0.287306,-0.960280,0.011703,0.012394,0.385211,0.014132,12.749138,13.074770,12.246221,0.977091,0.000000,0.954953,mcmc,,,38.347968,57.545864,NGC_957,"NGC   957, [FSR2007] 0603",,
188,458009784833003136,38.413973,57.435979,-0.337010,-1.151070,0.025660,0.027040,0.439991,0.032189,15.484371,15.966365,14.815417,0.973393,0.662508,0.988344,mcmc,,,38.347968,57.545864,NGC_957,"NGC   957, [FSR2007] 0603",,
188,458012464892256128,38.578783,57.568013,-0.385300,-1.127751,0.054436,0.058422,0.409083,0.069647,16.953344,17.689674,16.097689,1.017662,0.551002,0.972567,mcmc,,,38.347968,57.545864,NGC_957,"NGC   957, [FSR2007] 0603",,
188,458047305667916672,37.555566,57.523566,-0.392270,-1.062734,0.016031,0.017505,0.446026,0.020388,14.424217,14.747640,13.921097,0.964246,0.000000,0.916928,mcmc,,,38.347968,57.545864,NGC_957,"NGC   957, [FSR2007] 0603",,
188,458066684561120000,37.794459,57.506597,-0.253547,-1.039167,0.025922,0.026527,0.397944,0.030642,15.364360,15.792352,14.753049,1.016928,0.000000,0.984744,mcmc,,,38.347968,57.545864,NGC_957,"NGC   957, [FSR2007] 0603",,
188,458024181563051008,38.486040,57.562624,-0.313284,-1.140700,0.015709,0.017362,0.397128,0.020224,14.179141,14.522206,13.655403,1.110926,0.678086,0.994101,mcmc,,,38.347968,57.545864,NGC_957,"NGC   957, [FSR2007] 0603",,
188,458024765678598528,38.376863,57.582719,-0.290088,-1.143917,0.010817,0.011136,0.417906,0.014281,13.087739,13.443086,12.549902,0.969030,1.000000,0.996419,mcmc,,,38.347968,57.545864,NGC_957,"NGC   957, [FSR2007] 0603",,
188,458024937477293312,38.351710,57.582374,-0.280094,-1.195487,0.015860,0.015343,0.393420,0.019179,13.998017,14.370562,13.445135,1.025888,0.900791,0.989124,mcmc,,,38.347968,57.545864,NGC_957,"NGC   957, [FSR2007] 0603",,
188,458026140068182400,38.155502,57.550078,-0.255222,-1.179092,0.044421,0.051497,0.381476,0.057590,16.600058,17.308730,15.778943,0.987771,0.583820,0.980516,mcmc,,,38.347968,57.545864,NGC_957,"NGC   957, [FSR2007] 0603",,
188,458026346226871552,38.280451,57.561634,-0.192695,-1.110897,0.020031,0.021596,0.439752,0.024774,14.914497,15.323856,14.299985,0.988352,0.783401,0.989921,mcmc,,,38.347968,57.545864,NGC_957,"NGC   957, [FSR2007] 0603",,
188,458020711229554944,38.037005,57.517333,-0.277417,-1.127235,0.025357,0.027794,0.410806,0.032127,15.482453,15.931912,14.852843,1.031861,0.562183,0.993096,mcmc,,,38.347968,57.545864,NGC_957,"NGC   957, [FSR2007] 0603",,
188,458022287475809792,38.353901,57.508821,-0.338796,-1.160424,0.051982,0.051279,0.453467,0.066720,16.637835,17.370651,15.798136,1.063991,0.883733,0.980021,mcmc,,,38.347968,57.545864,NGC_957,"NGC   957, [FSR2007] 0603",,
188,458022978972613760,38.266535,57.528202,-0.357620,-1.026927,0.025462,0.026679,0.375216,0.031881,15.283862,15.717677,14.667972,1.070309,0.690416,0.982792,mcmc,,,38.347968,57.545864,NGC_957,"NGC   957, [FSR2007] 0603",,
188,458023253850137216,38.354592,57.552580,-0.268823,-1.245904,0.033359,0.035552,0.408632,0.043077,15.965894,16.507100,15.183958,0.961185,0.869429,0.967458,mcmc,,,38.347968,57.545864,NGC_957,"NGC   957, [FSR2007] 0603",,
188,458023936741889792,38.413870,57.563949,-0.303242,-1.007350,0.017782,0.019454,0.452766,0.022069,11.858219,12.088333,11.322038,1.585243,0.658852,0.984180,mcmc,,,38.347968,57.545864,NGC_957,"NGC   957, [FSR2007] 0603",,
188,458023941044896768,38.405876,57.555306,-0.354859,-1.220698,0.064483,0.063425,0.444935,0.077809,16.844946,17.325240,15.949716,1.076198,0.756654,0.956767,mcmc,,,38.347968,57.545864,NGC_957,"NGC   957, [FSR2007] 0603",,
188,458028304731629824,38.252192,57.632988,-0.281291,-1.083411,0.047928,0.051517,0.487557,0.056765,16.603848,17.294693,15.774576,1.030018,0.518584,0.979400,mcmc,,,38.347968,57.545864,NGC_957,"NGC   957, [FSR2007] 0603",,
188,458029919639295104,38.273160,57.729975,-0.240514,-1.148573,0.018073,0.018907,0.395007,0.020713,14.626390,15.022452,14.047859,1.003198,0.000000,0.990052,mcmc,,,38.347968,57.545864,NGC_957,"NGC   957, [FSR2007] 0603",,
188,458022360496965120,38.409337,57.513660,-0.228477,-1.064457,0.019648,0.019579,0.410802,0.024000,14.692997,15.072593,14.130715,1.045379,0.715512,0.994790,mcmc,,,38.347968,57.545864,NGC_957,"NGC   957, [FSR2007] 0603",,
188,458022669734640768,38.287111,57.486995,-0.407931,-1.011428,0.025958,0.027334,0.455688,0.031163,15.427028,15.820035,14.849407,0.963994,0.563920,0.959177,mcmc,,,38.347968,57.545864,NGC_957,"NGC   957, [FSR2007] 0603",,
188,458023180827313536,38.369181,57.540874,-0.198710,-1.222165,0.099595,0.101102,0.301853,0.140801,17.798162,18.685904,16.866285,0.934719,0.521367,0.905829,mcmc,,,38.347968,57.545864,NGC_957,"NGC   957, [FSR2007] 0603",,
188,458023322569628032,38.301568,57.541897,-0.287842,-1.031368,0.022783,0.024080,0.409122,0.029317,15.114763,15.516404,14.529131,1.058367,0.872047,0.994140,mcmc,,,38.347968,57.545864,NGC_957,"NGC   957, [FSR2007] 0603",,
188,458023460008555648,38.332578,57.571803,-0.387917,-1.093819,0.066831,0.071016,0.373582,0.083760,17.264782,18.070738,16.404190,1.027190,0.714606,0.969138,mcmc,,,38.347968,57.545864,NGC_957,"NGC   957, [FSR2007] 0603",,
188,458023730584967936,38.508566,57.542270,-0.343985,-1.078404,0.094577,0.105528,0.348555,0.126772,17.876720,18.793907,16.972145,0.961426,0.517459,0.951149,mcmc,,,38.347968,57.545864,NGC_957,"NGC   957, [FSR2007] 0603",,
188,458023941044905856,38.420106,57.542781,-0.371727,-1.205152,0.021190,0.022161,0.466943,0.026918,14.884265,15.296946,14.288986,1.085667,0.677113,0.932065,mcmc,,,38.347968,57.545864,NGC_957,"NGC   957, [FSR2007] 0603",,
188,458024250282511360,38.553409,57.579342,-0.241840,-1.105164,0.135514,0.155002,0.365013,0.188628,18.495560,19.606007,17.484768,1.049394,0.503491,0.909984,mcmc,,,38.347968,57.545864,NGC_957,"NGC   957, [FSR2007] 0603",,
188,458024422081198208,38.500251,57.594319,-0.250175,-1.178038,0.012754,0.014272,0.441426,0.017344,13.566966,13.938712,13.013990,1.144888,0.561126,0.987680,mcmc,,,38.347968,57.545864,NGC_957,"NGC   957, [FSR2007] 0603",,
188,458004630872271360,38.659608,57.305641,-0.285510,-1.098063,0.044294,0.045515,0.420761,0.055498,16.424963,17.137680,15.600446,1.006155,0.000000,0.972934,mcmc,,,38.347968,57.545864,NGC_957,"NGC   957, [FSR2007] 0603",,
188,458008101205804160,38.712671,57.469378,-0.296895,-1.162124,0.022600,0.024288,0.417723,0.029429,14.045645,14.451284,13.455318,1.611417,0.573298,0.988724,mcmc,,,38.347968,57.545864,NGC_957,"NGC   957, [FSR2007] 0603",,
188,458008135565540736,38.728741,57.477079,-0.300463,-0.985880,0.041297,0.045372,0.421811,0.054491,16.264471,16.782919,15.569497,1.101680,0.543811,0.970143,mcmc,,,38.347968,57.545864,NGC_957,"NGC   957, [FSR2007] 0603",,
188,458017653212933632,38.071267,57.388697,-0.336130,-1.079099,0.051675,0.053646,0.371624,0.061879,16.858273,17.550224,16.041431,0.935899,0.000000,0.973724,mcmc,,,38.347968,57.545864,NGC_957,"NGC   957, [FSR2007] 0603",,
188,458007448370790272,38.647733,57.414879,-0.325925,-1.075991,0.084995,0.101462,0.435154,0.117288,17.726254,18.499573,16.861742,0.980772,0.000000,0.945705,mcmc,,,38.347968,57.545864,NGC_957,"NGC   957, [FSR2007] 0603",,
188,458019611717961216,38.095136,57.469391,-0.242897,-1.138774,0.037469,0.040066,0.436436,0.045726,16.358019,16.978224,15.594701,1.029298,0.548787,0.987490,mcmc,,,38.347968,57.545864,NGC_957,"NGC   957, [FSR2007] 0603",,
188,458022562353574528,38.267108,57.476690,-0.344581,-1.115292,0.060692,0.062588,0.273772,0.071171,17.095823,17.789085,16.288391,1.046144,0.000000,0.901770,mcmc,,,38.347968,57.545864,NGC_957,"NGC   957, [FSR2007] 0603",,
188,458024800038341248,38.406414,57.573593,-0.347749,-1.169351,0.013055,0.015167,0.416826,0.017393,13.683892,14.027553,13.157664,1.056909,1.000000,0.993147,mcmc,,,38.347968,57.545864,NGC_957,"NGC   957, [FSR2007] 0603",,
188,458024967535737856,38.357784,57.595981,-0.289944,-1.077606,0.083284,0.085854,0.396043,0.102295,17.627878,18.653763,16.654894,0.975153,0.898083,0.974395,mcmc,,,38.347968,57.545864,NGC_957,"NGC   957, [FSR2007] 0603",,
188,458025006196761728,38.332859,57.597749,-0.251371,-1.127369,0.059396,0.062658,0.454103,0.071399,17.109760,17.916800,16.237598,0.985907,0.696636,0.982964,mcmc,,,38.347968,57.545864,NGC_957,"NGC   957, [FSR2007] 0603",,
188,458026449305788032,38.283974,57.584525,-0.286235,-1.158197,0.021580,0.021982,0.412964,0.025595,14.944040,15.336224,14.369694,1.008555,0.887438,0.994269,mcmc,,,38.347968,57.545864,NGC_957,"NGC   957, [FSR2007] 0603",,
188,458028403509840000,38.315604,57.670130,-0.242111,-1.034609,0.097503,0.104789,0.524182,0.116886,17.963387,18.895447,17.018282,1.010904,0.000000,0.941738,mcmc,,,38.347968,57.545864,NGC_957,"NGC   957, [FSR2007] 0603",,
188,458093966193174272,37.874809,57.895607,-0.293835,-1.051795,0.021885,0.025071,0.440778,0.027465,15.188483,15.598686,14.592572,0.936323,0.000000,0.950905,mcmc,,,38.347968,57.545864,NGC_957,"NGC   957, [FSR2007] 0603",,
188,458025074916234624,38.383910,57.597274,-0.337168,-1.155112,0.010260,0.011082,0.423167,0.013063,12.602570,12.943671,12.083853,0.931358,0.866496,0.994877,mcmc,,,38.347968,57.545864,NGC_957,"NGC   957, [FSR2007] 0603",,
188,458026719880692096,38.257887,57.601687,-0.325345,-1.063110,0.012801,0.013877,0.415367,0.016368,12.150561,12.459872,11.648425,1.279958,0.784868,0.996302,mcmc,,,38.347968,57.545864,NGC_957,"NGC   957, [FSR2007] 0603",,
188,458042186066920576,37.752736,57.419356,-0.299728,-1.070542,0.010862,0.011116,0.423459,0.013378,13.424524,13.726038,12.946665,0.983319,0.000000,0.990404,mcmc,,,38.347968,57.545864,NGC_957,"NGC   957, [FSR2007] 0603",,
188,458102418686763264,38.864820,57.552516,-0.260230,-1.129454,0.018862,0.020561,0.439803,0.024818,14.884397,15.310961,14.270815,0.985732,0.000000,0.984985,mcmc,,,38.347968,57.545864,NGC_957,"NGC   957, [FSR2007] 0603",,
188,458024971837030016,38.368931,57.582075,-0.290469,-1.277730,0.035970,0.037360,0.420204,0.047144,16.063550,16.622770,15.345613,1.015318,0.811114,0.932131,mcmc,,,38.347968,57.545864,NGC_957,"NGC   957, [FSR2007] 0603",,
188,458025006196767872,38.330231,57.587662,-0.299863,-1.106005,0.015116,0.016049,0.419143,0.018983,14.036587,14.397267,13.493451,1.012229,1.000000,0.996547,mcmc,,,38.347968,57.545864,NGC_957,"NGC   957, [FSR2007] 0603",,
188,458026002629214976,38.228687,57.558190,-0.251532,-1.132658,0.013504,0.014121,0.406081,0.017836,13.008142,13.381210,12.462172,1.068129,0.776617,0.995831,mcmc,,,38.347968,57.545864,NGC_957,"NGC   957, [FSR2007] 0603",,
188,458026311866858496,38.253286,57.557790,-0.299010,-1.042814,0.022793,0.023945,0.402599,0.027205,15.058102,15.515639,14.412768,1.008606,0.852742,0.994474,mcmc,,,38.347968,57.545864,NGC_957,"NGC   957, [FSR2007] 0603",,
188,458026513723936640,38.254018,57.588289,-0.232105,-1.167115,0.079680,0.085578,0.507224,0.101317,17.626904,18.640173,16.648281,0.958293,0.000000,0.958281,mcmc,,,38.347968,57.545864,NGC_957,"NGC   957, [FSR2007] 0603",,
188,458026999061619200,38.167397,57.576941,-0.252652,-1.037510,0.023668,0.025847,0.440294,0.030462,15.322712,15.753361,14.712295,0.992731,0.569753,0.991637,mcmc,,,38.347968,57.545864,NGC_957,"NGC   957, [FSR2007] 0603",,
188,458027892414760064,38.159015,57.662986,-0.260394,-1.087027,0.028320,0.027786,0.406153,0.033630,15.591558,16.212845,14.825497,1.006825,0.000000,0.993147,mcmc,,,38.347968,57.545864,NGC_957,"NGC   957, [FSR2007] 0603",,
188,458028442173366400,38.287565,57.654973,-0.254619,-1.020939,0.050147,0.052789,0.447837,0.059121,16.720375,17.418537,15.897462,1.035533,0.500337,0.982028,mcmc,,,38.347968,57.545864,NGC_957,"NGC   957, [FSR2007] 0603",,
188,458010025350933760,38.491418,57.444175,-0.320115,-1.112234,0.126534,0.137812,0.445101,0.161590,18.393190,19.344433,17.420866,1.021252,0.582366,0.926931,mcmc,,,38.347968,57.545864,NGC_957,"NGC   957, [FSR2007] 0603",,
188,458011434100418816,38.651267,57.525663,-0.288532,-1.051763,0.013046,0.014427,0.418457,0.018147,13.935825,14.325761,13.357216,1.056219,0.607224,0.995057,mcmc,,,38.347968,57.545864,NGC_957,"NGC   957, [FSR2007] 0603",,
188,458021909518492416,38.403824,57.464675,-0.306257,-1.187419,0.063034,0.064510,0.418124,0.075524,17.125664,17.925993,16.246311,1.002174,0.644093,0.974598,mcmc,,,38.347968,57.545864,NGC_957,"NGC   957, [FSR2007] 0603",,
188,458022944612526976,38.257551,57.521521,-0.255300,-1.161311,0.026190,0.026625,0.443096,0.032641,15.387715,15.834796,14.761385,0.988946,0.730849,0.989978,mcmc,,,38.347968,57.545864,NGC_957,"NGC   957, [FSR2007] 0603",,
188,458023322569627392,38.301774,57.542781,-0.324518,-1.049970,0.046530,0.049383,0.398220,0.062532,16.626522,17.223585,15.819852,1.015241,0.911919,0.986965,mcmc,,,38.347968,57.545864,NGC_957,"NGC   957, [FSR2007] 0603",,
188,458023906685170816,38.390817,57.543567,-0.249096,-1.091690,0.013069,0.014373,0.423684,0.018266,9.687481,9.987652,9.206292,1.174931,0.950428,0.996295,mcmc,,,38.347968,57.545864,NGC_957,"NGC   957, [FSR2007] 0603",,
188,458023941044897664,38.411010,57.552975,-0.403391,-1.229676,0.040111,0.042877,0.375400,0.051290,15.820235,16.050930,14.800689,1.188438,0.577313,0.921368,mcmc,,,38.347968,57.545864,NGC_957,"NGC   957, [FSR2007] 0603",,
188,458024387721469696,38.484741,57.580467,-0.333885,-1.136615,0.045580,0.049851,0.411592,0.057890,16.574913,17.233845,15.784439,1.050397,0.706742,0.986318,mcmc,,,38.347968,57.545864,NGC_957,"NGC   957, [FSR2007] 0603",,
188,458024696959130496,38.394764,57.571443,-0.282741,-1.061331,0.027290,0.028018,0.374061,0.033132,15.284703,15.690162,14.696099,1.035603,0.741562,0.990006,mcmc,,,38.347968,57.545864,NGC_957,"NGC   957, [FSR2007] 0603",,
188,458024696959137536,38.387175,57.564369,-0.224860,-1.186441,0.027619,0.027664,0.410369,0.032413,15.306328,15.698190,14.728304,1.059405,0.885732,0.987797,mcmc,,,38.347968,57.545864,NGC_957,"NGC   957, [FSR2007] 0603",,
188,458022738454361216,38.246486,57.476326,-0.312857,-1.060303,0.016777,0.017735,0.376794,0.019384,10.995702,11.261487,10.556120,1.272859,0.655247,0.987858,mcmc,,,38.347968,57.545864,NGC_957,"NGC   957, [FSR2007] 0603",,
188,458012052575427072,38.593051,57.522693,-0.335756,-1.072312,0.020830,0.024030,0.390451,0.029023,14.959185,15.356470,14.373252,1.050982,0.582901,0.991050,mcmc,,,38.347968,57.545864,NGC_957,"NGC   957, [FSR2007] 0603",,
188,458012533611724032,38.585085,57.580733,-0.304585,-1.131393,0.049814,0.051967,0.518363,0.063701,16.828762,17.516272,16.013086,0.912162,0.000000,0.956949,mcmc,,,38.347968,57.545864,NGC_957,"NGC   957, [FSR2007] 0603",,
188,458022875893307264,38.255879,57.504169,-0.231025,-0.993336,0.032411,0.033858,0.446060,0.038691,15.972940,16.467226,15.296052,1.021670,0.570715,0.982180,mcmc,,,38.347968,57.545864,NGC_957,"NGC   957, [FSR2007] 0603",,
188,458023528728034176,38.319786,57.571146,-0.269617,-1.152708,0.011752,0.012720,0.426246,0.014825,13.402436,13.728371,12.897608,1.004938,0.959027,0.995568,mcmc,,,38.347968,57.545864,NGC_957,"NGC   957, [FSR2007] 0603",,
188,458024731318868224,38.364107,57.575885,-0.284264,-1.045514,0.030882,0.034373,0.409760,0.040950,15.786680,16.254623,15.143819,1.041589,0.888380,0.992710,mcmc,,,38.347968,57.545864,NGC_957,"NGC   957, [FSR2007] 0603",,
188,458024765678604416,38.372067,57.576694,-0.357313,-1.057469,0.045197,0.048301,0.347631,0.060034,16.513424,17.185234,15.690925,1.070113,0.599354,0.974224,mcmc,,,38.347968,57.545864,NGC_957,"NGC   957, [FSR2007] 0603",,
188,458030022718506240,38.290757,57.749016,-0.337919,-1.114188,0.038761,0.041328,0.414066,0.045252,16.307346,16.926998,15.553335,1.023124,0.000000,0.985481,mcmc,,,38.347968,57.545864,NGC_957,"NGC   957, [FSR2007] 0603",,
188,458021634640436608,38.306626,57.430313,-0.269424,-1.085733,0.047203,0.050232,0.309870,0.060138,16.755663,17.450153,15.913632,1.020029,0.000000,0.952389,mcmc,,,38.347968,57.545864,NGC_957,"NGC   957, [FSR2007] 0603",,
188,458022326137225344,38.392451,57.517224,-0.278958,-1.076871,0.020935,0.021108,0.474656,0.026191,14.788314,15.165440,14.227449,1.064412,0.733791,0.974454,mcmc,,,38.347968,57.545864,NGC_957,"NGC   957, [FSR2007] 0603",,
188,458075824251399680,38.058340,57.707459,-0.191643,-1.112503,0.022544,0.022263,0.456185,0.026542,15.006244,15.425643,14.402062,1.028742,0.000000,0.971242,mcmc,,,38.347968,57.545864,NGC_957,"NGC   957, [FSR2007] 0603",,
188,458102831003624832,38.966370,57.536598,-0.258782,-1.104427,0.011685,0.012058,0.407858,0.015420,13.601322,13.974364,13.042485,1.082807,0.000000,0.989194,mcmc,,,38.347968,57.545864,NGC_957,"NGC   957, [FSR2007] 0603",,
188,458109324994146304,39.088992,57.608679,-0.267358,-1.072796,0.056838,0.055727,0.398235,0.068779,17.147217,17.888893,16.298400,1.025261,1.000000,0.927099,mcmc,,,38.347968,57.545864,NGC_957,"NGC   957, [FSR2007] 0603",,
188,458016656780452224,38.241409,57.461423,-0.218715,-1.113537,0.038207,0.040646,0.347829,0.046255,16.266298,16.823633,15.547054,1.028257,0.000000,0.972675,mcmc,,,38.347968,57.545864,NGC_957,"NGC   957, [FSR2007] 0603",,
188,458017756292135680,38.063476,57.410457,-0.270985,-1.075436,0.026398,0.027702,0.402757,0.030251,15.471327,15.909031,14.855971,1.017518,0.537277,0.992054,mcmc,,,38.347968,57.545864,NGC_957,"NGC   957, [FSR2007] 0603",,
188,458017756292135936,38.070823,57.408745,-0.238954,-1.129615,0.065071,0.069417,0.413376,0.079489,17.226274,18.081420,16.328997,1.035453,0.548787,0.971886,mcmc,,,38.347968,57.545864,NGC_957,"NGC   957, [FSR2007] 0603",,
188,458026518025266432,38.264880,57.584961,-0.242036,-1.113472,0.039796,0.041091,0.368669,0.047715,16.174906,16.719300,15.458614,0.996899,0.591657,0.986499,mcmc,,,38.347968,57.545864,NGC_957,"NGC   957, [FSR2007] 0603",,
188,458026689823949312,38.216694,57.601007,-0.350489,-1.123818,0.039517,0.041974,0.402779,0.047195,16.199556,16.778074,15.460658,1.003915,0.606997,0.988476,mcmc,,,38.347968,57.545864,NGC_957,"NGC   957, [FSR2007] 0603",,
188,458028132932929280,38.354832,57.635855,-0.248994,-1.075526,0.052163,0.058038,0.332037,0.063576,16.782038,17.521524,15.942830,1.029814,0.516550,0.970861,mcmc,,,38.347968,57.545864,NGC_957,"NGC   957, [FSR2007] 0603",,
188,458028923206887680,38.364809,57.694533,-0.255882,-1.246096,0.087722,0.090590,0.420714,0.102480,17.684290,18.563330,16.791780,1.016849,0.000000,0.929594,mcmc,,,38.347968,57.545864,NGC_957,"NGC   957, [FSR2007] 0603",,
188,458023150770947456,38.361510,57.520161,-0.291308,-0.952209,0.032186,0.033350,0.411481,0.040049,15.725191,16.216335,15.043009,1.038822,0.743514,0.977341,mcmc,,,38.347968,57.545864,NGC_957,"NGC   957, [FSR2007] 0603",,
188,458023185130672256,38.368881,57.536082,-0.437500,-1.132140,0.101576,0.110833,0.374992,0.135301,18.025024,18.970560,17.069841,1.015317,0.610068,0.919762,mcmc,,,38.347968,57.545864,NGC_957,"NGC   957, [FSR2007] 0603",,
188,458024662599409664,38.382264,57.549254,-0.329694,-1.171149,0.012811,0.014028,0.440525,0.017491,13.698237,14.041069,13.172477,0.965296,0.969006,0.989562,mcmc,,,38.347968,57.545864,NGC_957,"NGC   957, [FSR2007] 0603",,
188,458027548817393920,38.207457,57.625148,-0.251864,-1.146314,0.033752,0.033965,0.453174,0.039048,15.912620,16.415533,15.229623,1.004772,0.573357,0.987313,mcmc,,,38.347968,57.545864,NGC_957,"NGC   957, [FSR2007] 0603",,
188,458017687572666624,38.091343,57.395043,-0.344146,-1.118312,0.050099,0.052800,0.453458,0.059382,16.808416,17.520868,15.977596,1.004437,0.491627,0.976194,mcmc,,,38.347968,57.545864,NGC_957,"NGC   957, [FSR2007] 0603",,
188,458028781467007360,38.328581,57.682234,-0.364698,-1.067614,0.089916,0.094198,0.339556,0.101676,17.779415,18.662733,16.828608,0.982960,0.000000,0.947182,mcmc,,,38.347968,57.545864,NGC_957,"NGC   957, [FSR2007] 0603",,
188,458029060645866752,38.223783,57.650123,-0.252613,-1.091195,0.023247,0.024029,0.346354,0.027378,15.241653,15.747727,14.560812,1.060916,0.000000,0.951423,mcmc,,,38.347968,57.545864,NGC_957,"NGC   957, [FSR2007] 0603",,
188,458024108540586240,38.518052,57.544306,-0.373604,-1.164327,0.011128,0.012450,0.457340,0.014958,12.476835,12.747272,12.039347,1.096671,0.546321,0.948213,mcmc,,,38.347968,57.545864,NGC_957,"NGC   957, [FSR2007] 0603",,
188,458028098573196032,38.347462,57.626759,-0.174294,-1.010233,0.026121,0.028852,0.430804,0.031351,15.490694,15.958276,14.844735,0.980187,0.552402,0.980149,mcmc,,,38.347968,57.545864,NGC_957,"NGC   957, [FSR2007] 0603",,
188,458081734126305792,38.073582,57.892867,-0.245119,-0.998397,0.014241,0.015722,0.401258,0.017169,14.143757,14.531909,13.571312,1.016738,0.000000,0.962076,mcmc,,,38.347968,57.545864,NGC_957,"NGC   957, [FSR2007] 0603",,
188,458043457377279872,37.469725,57.344536,-0.318734,-1.072541,0.011421,0.012395,0.414987,0.014233,13.545483,13.898795,13.006834,0.989915,0.000000,0.958714,mcmc,,,38.347968,57.545864,NGC_957,"NGC   957, [FSR2007] 0603",,
188,458045656400497664,37.578218,57.437850,-0.364699,-1.061705,0.050681,0.052722,0.436532,0.060009,16.898851,17.651266,16.054090,0.992898,0.000000,0.914120,mcmc,,,38.347968,57.545864,NGC_957,"NGC   957, [FSR2007] 0603",,
188,458111317858920448,39.006534,57.728498,-0.229819,-1.049666,0.024355,0.024281,0.415141,0.029394,15.211030,15.665172,14.558576,1.093643,0.000000,0.964507,mcmc,,,38.347968,57.545864,NGC_957,"NGC   957, [FSR2007] 0603",,
188,458068539986921728,38.007308,57.619699,-0.364092,-1.148969,0.019274,0.019668,0.431919,0.023049,14.858761,15.245302,14.286244,1.003378,0.566573,0.987573,mcmc,,,38.347968,57.545864,NGC_957,"NGC   957, [FSR2007] 0603",,
188,458068539987624320,38.006662,57.608022,-0.260075,-0.927928,0.052597,0.056180,0.466574,0.066310,16.896976,17.587172,16.083555,0.993644,0.000000,0.919896,mcmc,,,38.347968,57.545864,NGC_957,"NGC   957, [FSR2007] 0603",,
188,458019783516650496,38.137280,57.466858,-0.342147,-1.036390,0.042576,0.041293,0.442154,0.049847,16.428207,17.169632,15.587162,0.981228,0.553776,0.984292,mcmc,,,38.347968,57.545864,NGC_957,"NGC   957, [FSR2007] 0603",,
188,458019852236111616,38.185331,57.478754,-0.291453,-1.105882,0.020589,0.021405,0.454465,0.024531,15.034917,15.420552,14.464298,1.005693,0.659261,0.989397,mcmc,,,38.347968,57.545864,NGC_957,"NGC   957, [FSR2007] 0603",,
188,458023253850132608,38.347968,57.558766,-0.308898,-1.154285,0.018503,0.020315,0.423470,0.024958,11.718846,11.977171,11.287033,1.485340,1.000000,0.994254,mcmc,,,38.347968,57.545864,NGC_957,"NGC   957, [FSR2007] 0603",,
188,458023318268102912,38.310755,57.545716,-0.307675,-1.021360,0.052414,0.056080,0.407443,0.067425,16.828173,17.533695,16.011925,0.972827,0.857933,0.984056,mcmc,,,38.347968,57.545864,NGC_957,"NGC   957, [FSR2007] 0603",,
188,458023425648834560,38.327136,57.550392,-0.386903,-1.118216,0.025110,0.026919,0.456355,0.032868,15.392236,15.900044,14.714026,0.996751,0.742915,0.980592,mcmc,,,38.347968,57.545864,NGC_957,"NGC   957, [FSR2007] 0603",,
188,458022429216435968,38.389668,57.524232,-0.272398,-1.110150,0.037893,0.038475,0.447763,0.048937,16.200943,16.749971,15.491167,1.034012,0.936617,0.990462,mcmc,,,38.347968,57.545864,NGC_957,"NGC   957, [FSR2007] 0603",,
188,458023185130667264,38.358847,57.543816,-0.377535,-1.096292,0.022704,0.024325,0.487487,0.029874,15.172679,15.621481,14.539332,0.969672,0.677113,0.930233,mcmc,,,38.347968,57.545864,NGC_957,"NGC   957, [FSR2007] 0603",,
188,458023253850131712,38.357877,57.558745,-0.381879,-1.098497,0.066532,0.069278,0.328887,0.084403,17.196802,18.096400,16.271624,1.013116,0.599952,0.958371,mcmc,,,38.347968,57.545864,NGC_957,"NGC   957, [FSR2007] 0603",,
188,458023528728032256,38.317461,57.574058,-0.152017,-1.199116,0.014635,0.015429,0.439149,0.017551,14.015369,14.360061,13.487555,1.021535,0.634998,0.957127,mcmc,,,38.347968,57.545864,NGC_957,"NGC   957, [FSR2007] 0603",,
188,458023941037297408,38.411603,57.553303,-0.306043,-1.015583,0.036129,0.039880,0.498492,0.052218,15.790685,16.124876,14.811772,1.250131,0.606464,0.965986,mcmc,,,38.347968,57.545864,NGC_957,"NGC   957, [FSR2007] 0603",,
188,458046274875956864,37.677428,57.486305,-0.361666,-1.138627,0.015101,0.016254,0.451299,0.018403,14.287818,14.612330,13.785676,1.022756,0.000000,0.943769,mcmc,,,38.347968,57.545864,NGC_957,"NGC   957, [FSR2007] 0603",,
188,458047030789754880,37.466928,57.507521,-0.357023,-1.107965,0.019291,0.020508,0.418061,0.023384,15.075991,15.463325,14.505319,1.024714,0.000000,0.955090,mcmc,,,38.347968,57.545864,NGC_957,"NGC   957, [FSR2007] 0603",,
188,458074273760386688,38.085089,57.619473,-0.337148,-1.076587,0.082453,0.074640,0.331232,0.096028,17.486956,18.366978,16.564415,1.048115,0.000000,0.958271,mcmc,,,38.347968,57.545864,NGC_957,"NGC   957, [FSR2007] 0603",,
188,458047507525281152,37.531848,57.537522,-0.338909,-1.072623,0.049831,0.049471,0.459016,0.057985,16.751745,17.154673,15.856529,1.006235,0.000000,0.917585,mcmc,,,38.347968,57.545864,NGC_957,"NGC   957, [FSR2007] 0603",,
188,458067474835076352,37.781854,57.572319,-0.349101,-1.113323,0.015718,0.017209,0.391108,0.020724,14.484586,14.936525,13.854769,0.997254,0.000000,0.983761,mcmc,,,38.347968,57.545864,NGC_957,"NGC   957, [FSR2007] 0603",,
188,458119735994411904,38.471236,57.721947,-0.326710,-1.055859,0.029333,0.029969,0.435646,0.033805,15.741893,16.202850,15.107904,1.048215,0.000000,0.988721,mcmc,,,38.347968,57.545864,NGC_957,"NGC   957, [FSR2007] 0603",,
188,458074449861912448,38.035436,57.631015,-0.112430,-1.044239,0.013198,0.013690,0.393643,0.015898,13.640908,14.001804,13.096936,1.020826,0.000000,0.943041,mcmc,,,38.347968,57.545864,NGC_957,"NGC   957, [FSR2007] 0603",,
188,458074862178734208,38.151805,57.681131,-0.279528,-1.106127,0.039492,0.040149,0.417097,0.045921,16.285007,16.857428,15.540758,1.000727,0.000000,0.990126,mcmc,,,38.347968,57.545864,NGC_957,"NGC   957, [FSR2007] 0603",,
188,458075652448695040,37.974142,57.697031,-0.226861,-0.971574,0.030562,0.040666,0.466400,0.038474,12.049454,11.978928,11.173007,1.961945,0.496464,0.935448,mcmc,,,38.347968,57.545864,NGC_957,"NGC   957, [FSR2007] 0603",,
188,458075686808420992,37.979901,57.702898,-0.361319,-1.025892,0.089722,0.084589,0.419576,0.100054,17.573350,18.310848,16.627918,1.015507,0.521004,0.937331,mcmc,,,38.347968,57.545864,NGC_957,"NGC   957, [FSR2007] 0603",,
188,458023528728025856,38.324834,57.580569,-0.279639,-1.022430,0.019388,0.020353,0.404126,0.024098,14.806090,15.191018,14.240360,1.028345,0.860495,0.994191,mcmc,,,38.347968,57.545864,NGC_957,"NGC   957, [FSR2007] 0603",,
188,458024971837020288,38.365635,57.598196,-0.182564,-0.924165,0.046535,0.049784,0.394444,0.057164,16.619963,17.335268,15.700418,1.043237,0.584307,0.914229,mcmc,,,38.347968,57.545864,NGC_957,"NGC   957, [FSR2007] 0603",,
188,458025933909747968,38.247705,57.544370,-0.404018,-1.071664,0.038971,0.041274,0.401098,0.048652,16.326605,16.919651,15.554023,1.022946,0.823582,0.980233,mcmc,,,38.347968,57.545864,NGC_957,"NGC   957, [FSR2007] 0603",,
188,458024692655227904,38.395598,57.559655,-0.286228,-1.141938,0.050770,0.054617,0.502488,0.065930,16.703981,17.415066,15.876244,1.071944,0.625963,0.973351,mcmc,,,38.347968,57.545864,NGC_957,"NGC   957, [FSR2007] 0603",,
188,458024834398070272,38.427780,57.584745,-0.458349,-1.108282,0.036240,0.040572,0.469806,0.046753,16.163694,16.747261,15.422227,0.964366,0.543388,0.915976,mcmc,,,38.347968,57.545864,NGC_957,"NGC   957, [FSR2007] 0603",,
188,458024937477298304,38.354499,57.577266,-0.315680,-1.233941,0.054329,0.058906,0.318990,0.070716,16.848415,17.594273,16.017004,1.060741,0.591302,0.917422,mcmc,,,38.347968,57.545864,NGC_957,"NGC   957, [FSR2007] 0603",,
188,458026140068176128,38.163710,57.558092,-0.232021,-1.021660,0.076538,0.079898,0.344349,0.092116,17.390913,18.337965,16.391163,1.070797,0.000000,0.960927,mcmc,,,38.347968,57.545864,NGC_957,"NGC   957, [FSR2007] 0603",,
188,458065447610552448,37.841737,57.438775,-0.216019,-1.240470,0.021397,0.020817,0.430083,0.024318,15.008875,15.394362,14.438223,1.018840,0.000000,0.931322,mcmc,,,38.347968,57.545864,NGC_957,"NGC   957, [FSR2007] 0603",,
188,458068466964527744,37.960882,57.596013,-0.346881,-1.024843,0.088752,0.086619,0.420333,0.108980,17.792473,18.692558,16.864830,1.030033,0.000000,0.948755,mcmc,,,38.347968,57.545864,NGC_957,"NGC   957, [FSR2007] 0603",,
188,458074205040895744,38.021714,57.614480,-0.320390,-1.208349,0.122570,0.126678,0.449619,0.160305,18.362460,19.388184,17.387892,0.969725,0.493644,0.909021,mcmc,,,38.347968,57.545864,NGC_957,"NGC   957, [FSR2007] 0603",,
188,458081253089985024,38.011676,57.859770,-0.375394,-1.109250,0.047651,0.052595,0.449360,0.059127,16.770454,17.481800,15.943551,1.032061,1.000000,0.924763,mcmc,,,38.347968,57.545864,NGC_957,"NGC   957, [FSR2007] 0603",,
188,458082215162654592,37.900414,57.885865,-0.209956,-1.055938,0.018985,0.022455,0.433833,0.024430,14.774811,15.235342,14.116824,1.064290,0.000000,0.951024,mcmc,,,38.347968,57.545864,NGC_957,"NGC   957, [FSR2007] 0603",,
188,458075652452901760,37.974516,57.693794,-0.225340,-1.066048,0.014031,0.014708,0.413523,0.017503,13.888088,14.272183,13.305758,1.009865,0.498412,0.992585,mcmc,,,38.347968,57.545864,NGC_957,"NGC   957, [FSR2007] 0603",,
188,458123373825319168,38.455404,57.770119,-0.219212,-1.040996,0.009835,0.010018,0.432316,0.011423,12.645812,12.929538,12.192884,0.944670,0.000000,0.988314,mcmc,,,38.347968,57.545864,NGC_957,"NGC   957, [FSR2007] 0603",,
188,458081562327628672,38.038565,57.860457,-0.318118,-1.100572,0.036401,0.037847,0.360761,0.043243,16.274015,16.882404,15.512013,1.001403,0.000000,0.942456,mcmc,,,38.347968,57.545864,NGC_957,"NGC   957, [FSR2007] 0603",,
188,458066547122174976,37.764256,57.477632,-0.315846,-1.043288,0.046411,0.048899,0.379629,0.054318,16.737892,17.421345,15.928591,0.982766,0.000000,0.965702,mcmc,,,38.347968,57.545864,NGC_957,"NGC   957, [FSR2007] 0603",,
188,458067543554574080,37.939456,57.504193,-0.399674,-1.127371,0.038277,0.038945,0.424946,0.047191,16.381870,16.997513,15.614429,0.983000,0.504627,0.971857,mcmc,,,38.347968,57.545864,NGC_957,"NGC   957, [FSR2007] 0603",,
188,458029095005597184,38.248868,57.661427,-0.210605,-1.030397,0.056410,0.059304,0.541289,0.066609,16.965677,17.759624,16.096432,0.998253,0.000000,0.907669,mcmc,,,38.347968,57.545864,NGC_957,"NGC   957, [FSR2007] 0603",,
188,458029365582585600,38.218525,57.691912,-0.171252,-1.017723,0.061517,0.060967,0.407604,0.069585,17.078182,17.826311,16.231602,1.000928,0.000000,0.959288,mcmc,,,38.347968,57.545864,NGC_957,"NGC   957, [FSR2007] 0603",,
188,458067062518240640,37.794191,57.513079,-0.362963,-1.118957,0.017769,0.018925,0.400272,0.021489,11.419643,11.742347,10.916262,1.149417,0.000000,0.985036,mcmc,,,38.347968,57.545864,NGC_957,"NGC   957, [FSR2007] 0603",,
188,458067749712984576,37.947284,57.549368,-0.366273,-1.014946,0.017841,0.018164,0.435962,0.022031,14.767496,15.257384,14.103048,0.983121,0.000000,0.982694,mcmc,,,38.347968,57.545864,NGC_957,"NGC   957, [FSR2007] 0603",,
188,458106782373516416,38.702514,57.634700,-0.261104,-1.089809,0.015020,0.016883,0.399101,0.019267,11.053920,11.350863,10.575829,1.119030,0.497856,0.993170,mcmc,,,38.347968,57.545864,NGC_957,"NGC   957, [FSR2007] 0603",,
188,458109148893635584,38.765613,57.752782,-0.304941,-1.152941,0.015183,0.015909,0.376061,0.018643,12.767302,13.109037,12.244856,1.450436,0.000000,0.957767,mcmc,,,38.347968,57.545864,NGC_957,"NGC   957, [FSR2007] 0603",,
188,458109428073355392,39.065394,57.626237,-0.228771,-1.153312,0.011966,0.012219,0.417584,0.014658,13.770110,14.106137,13.250760,1.021661,1.000000,0.974350,mcmc,,,38.347968,57.545864,NGC_957,"NGC   957, [FSR2007] 0603",,
188,458107538287748224,38.816945,57.650004,-0.240949,-1.101597,0.021564,0.022043,0.429952,0.026466,15.121244,15.551065,14.503509,1.041013,0.000000,0.987813,mcmc,,,38.347968,57.545864,NGC_957,"NGC   957, [FSR2007] 0603",,
188,458108947036982656,38.847721,57.729420,-0.272506,-1.127219,0.027282,0.028131,0.414661,0.033275,15.685308,16.147154,15.033925,1.014254,0.492622,0.981292,mcmc,,,38.347968,57.545864,NGC_957,"NGC   957, [FSR2007] 0603",,
188,458110630664171008,39.020536,57.686030,-0.272486,-1.113140,0.018168,0.018134,0.398638,0.022300,14.799773,15.190755,14.222197,1.011470,0.957624,0.976833,mcmc,,,38.347968,57.545864,NGC_957,"NGC   957, [FSR2007] 0603",,
188,458123171961868032,38.466758,57.773451,-0.251920,-1.147816,0.043550,0.041892,0.354041,0.049555,16.489061,17.099703,15.646113,1.024250,0.000000,0.960646,mcmc,,,38.347968,57.545864,NGC_957,"NGC   957, [FSR2007] 0603",,
188,458075652452720000,37.969369,57.700978,-0.257688,-1.093662,0.012061,0.012752,0.395274,0.014569,12.007399,12.347988,11.485195,1.085411,0.000000,0.991944,mcmc,,,38.347968,57.545864,NGC_957,"NGC   957, [FSR2007] 0603",,
188,458074965257964288,38.066058,57.670091,-0.206706,-0.947713,0.020970,0.021565,0.441864,0.025547,14.957175,15.364848,14.364234,1.052693,0.492331,0.945470,mcmc,,,38.347968,57.545864,NGC_957,"NGC   957, [FSR2007] 0603",,
188,458075652452721664,37.972397,57.697637,-0.322443,-1.019456,0.015031,0.016068,0.370487,0.018767,6.778999,7.237302,6.114681,0.991715,0.000000,0.956158,mcmc,,,38.347968,57.545864,NGC_957,"NGC   957, [FSR2007] 0603",,
188,458040708598204672,37.608041,57.341635,-0.294195,-1.140063,0.057064,0.061990,0.427309,0.067761,17.138243,17.998530,16.215666,0.906897,0.000000,0.901854,mcmc,,,38.347968,57.545864,NGC_957,"NGC   957, [FSR2007] 0603",,
188,458074862178736128,38.151223,57.679651,-0.197066,-1.162730,0.094760,0.091708,0.346851,0.106630,17.785286,18.673960,16.877592,0.982492,0.000000,0.936046,mcmc,,,38.347968,57.545864,NGC_957,"NGC   957, [FSR2007] 0603",,
188,458076270927977856,38.011859,57.751277,-0.367940,-0.963820,0.034960,0.036529,0.407331,0.042154,15.942228,16.467330,15.248330,1.053273,0.000000,0.938674,mcmc,,,38.347968,57.545864,NGC_957,"NGC   957, [FSR2007] 0603",,
188,458071357485492096,37.601555,57.628939,-0.280253,-1.011652,0.027659,0.028226,0.430681,0.034473,15.588807,16.048214,14.951770,1.008621,1.000000,0.959918,mcmc,,,38.347968,57.545864,NGC_957,"NGC   957, [FSR2007] 0603",,
188,458072731874965376,37.872647,57.702312,-0.260112,-0.961574,0.031045,0.031281,0.423552,0.037175,15.655406,16.117105,15.017201,1.084541,0.000000,0.957104,mcmc,,,38.347968,57.545864,NGC_957,"NGC   957, [FSR2007] 0603",,
188,458106610574828672,38.705227,57.619325,-0.159993,-1.127464,0.020112,0.021034,0.443592,0.025546,14.829028,15.364287,14.123296,1.080763,0.527193,0.968287,mcmc,,,38.347968,57.545864,NGC_957,"NGC   957, [FSR2007] 0603",,
188,458081699766568192,38.060437,57.892386,-0.303923,-1.055970,0.014517,0.016490,0.400867,0.017984,14.232737,14.627805,13.652102,1.069397,0.981459,0.978681,mcmc,,,38.347968,57.545864,NGC_957,"NGC   957, [FSR2007] 0603",,
188,458074312422947584,38.110322,57.638175,-0.310354,-1.122568,0.014025,0.014139,0.430344,0.016898,13.796250,14.151926,13.258619,1.099268,0.583233,0.994722,mcmc,,,38.347968,57.545864,NGC_957,"NGC   957, [FSR2007] 0603",,
188,458075308856074752,37.965105,57.660424,-0.177718,-0.969620,0.043299,0.041990,0.457857,0.049962,15.946800,16.426123,15.214504,1.358456,0.521004,0.920288,mcmc,,,38.347968,57.545864,NGC_957,"NGC   957, [FSR2007] 0603",,
188,458073831386731392,37.792284,57.752955,-0.351571,-1.112453,0.013897,0.014370,0.417323,0.016632,13.939473,14.418233,13.282582,1.025756,0.000000,0.984090,mcmc,,,38.347968,57.545864,NGC_957,"NGC   957, [FSR2007] 0603",,
188,458119220598354432,38.505064,57.652077,-0.307705,-1.150236,0.017990,0.018987,0.412749,0.022937,14.650632,15.065468,14.053585,1.004427,0.000000,0.993713,mcmc,,,38.347968,57.545864,NGC_957,"NGC   957, [FSR2007] 0603",,
188,458074243703481344,38.047203,57.630494,-0.380618,-0.973187,0.017952,0.017964,0.447023,0.021381,14.477255,14.842127,13.929718,0.982011,0.521004,0.950877,mcmc,,,38.347968,57.545864,NGC_957,"NGC   957, [FSR2007] 0603",,
188,458108397281195648,38.803568,57.679797,-0.305189,-1.155422,0.046583,0.045970,0.389296,0.056125,16.700254,17.362818,15.909080,0.989217,0.497856,0.967837,mcmc,,,38.347968,57.545864,NGC_957,"NGC   957, [FSR2007] 0603",,
188,458131830622134656,38.628191,57.964806,-0.233916,-1.081033,0.013897,0.013735,0.397743,0.015826,14.012873,14.372629,13.468625,1.065821,0.980110,0.949515,mcmc,,,38.347968,57.545864,NGC_957,"NGC   957, [FSR2007] 0603",,
188,458066031726094848,37.911479,57.478946,-0.374124,-1.133048,0.037327,0.038916,0.426810,0.045757,16.421200,17.079834,15.633350,0.940359,0.000000,0.977030,mcmc,,,38.347968,57.545864,NGC_957,"NGC   957, [FSR2007] 0603",,
188,458068574346668800,37.973744,57.608818,-0.325105,-1.110308,0.019644,0.020312,0.452708,0.024266,14.936206,15.344014,14.345630,0.996438,0.515149,0.985536,mcmc,,,38.347968,57.545864,NGC_957,"NGC   957, [FSR2007] 0603",,
188,458072353917880832,37.794154,57.646388,-0.304517,-1.097697,0.029774,0.031454,0.426930,0.037061,15.792920,16.287200,15.120263,1.020162,0.000000,0.985217,mcmc,,,38.347968,57.545864,NGC_957,"NGC   957, [FSR2007] 0603",,
188,458073247271056640,37.725218,57.690045,-0.401954,-1.008879,0.017591,0.018210,0.409114,0.020683,14.498451,14.928264,13.880298,1.001589,1.000000,0.947766,mcmc,,,38.347968,57.545864,NGC_957,"NGC   957, [FSR2007] 0603",,
188,458124885653804288,38.576362,57.825571,-0.222749,-0.997558,0.010875,0.012387,0.433740,0.014245,12.070942,12.386470,11.573106,1.043618,0.000000,0.968571,mcmc,,,38.347968,57.545864,NGC_957,"NGC   957, [FSR2007] 0603",,
188,458083486473122176,37.599882,57.652315,-0.300870,-1.077928,0.021735,0.024121,0.403870,0.028494,15.180954,15.629009,14.553179,0.967086,1.000000,0.976429,mcmc,,,38.347968,57.545864,NGC_957,"NGC   957, [FSR2007] 0603",,
188,458101765846371200,38.826640,57.480418,-0.248023,-1.154452,0.027714,0.029612,0.477341,0.036913,15.650218,16.080727,15.035604,0.991699,0.000000,0.946597,mcmc,,,38.347968,57.545864,NGC_957,"NGC   957, [FSR2007] 0603",,
188,458093137254936320,37.655690,57.868247,-0.309529,-1.189143,0.011206,0.012851,0.408446,0.013601,12.432375,12.730601,11.957891,0.993791,0.913038,0.925678,mcmc,,,38.347968,57.545864,NGC_957,"NGC   957, [FSR2007] 0603",,
188,458103243320469504,38.966517,57.582744,-0.262718,-1.118447,0.020834,0.021855,0.425195,0.025432,14.939630,15.402984,14.291849,1.043822,0.965995,0.984297,mcmc,,,38.347968,57.545864,NGC_957,"NGC   957, [FSR2007] 0603",,
188,458105545422956032,38.742645,57.566692,-0.335400,-1.092000,0.013006,0.014364,0.454763,0.018015,13.877720,14.215466,13.360097,1.060457,0.000000,0.976453,mcmc,,,38.347968,57.545864,NGC_957,"NGC   957, [FSR2007] 0603",,
188,458105614142424832,38.800211,57.585474,-0.277607,-0.925341,0.026373,0.028451,0.419730,0.034193,15.485503,16.058125,14.751252,1.024873,0.000000,0.932556,mcmc,,,38.347968,57.545864,NGC_957,"NGC   957, [FSR2007] 0603",,
188,458074170679377280,38.067223,57.610931,-0.467486,-1.114884,0.010663,0.011871,0.398820,0.014099,12.536461,12.884494,12.009809,1.065259,0.000000,0.946668,mcmc,,,38.347968,57.545864,NGC_957,"NGC   957, [FSR2007] 0603",,
188,458077164281156864,38.171097,57.767103,-0.291350,-1.175142,0.043614,0.045804,0.408201,0.050950,16.435905,17.067093,15.668835,1.089068,0.000000,0.975761,mcmc,,,38.347968,57.545864,NGC_957,"NGC   957, [FSR2007] 0603",,
188,458078985347314432,37.902227,57.753128,-0.260526,-1.084177,0.012332,0.013334,0.390878,0.015615,9.689770,10.142195,9.051745,1.105838,0.000000,0.985941,mcmc,,,38.347968,57.545864,NGC_957,"NGC   957, [FSR2007] 0603",,
188,458092007688139776,37.715343,57.810014,-0.273464,-1.142413,0.018624,0.020619,0.437064,0.022832,11.398036,11.708887,10.903599,1.183481,0.000000,0.960839,mcmc,,,38.347968,57.545864,NGC_957,"NGC   957, [FSR2007] 0603",,
188,458119186238589312,38.621024,57.723295,-0.229689,-1.201645,0.040633,0.041459,0.410688,0.047586,16.366072,16.952740,15.622424,1.093626,0.000000,0.964051,mcmc,,,38.347968,57.545864,NGC_957,"NGC   957, [FSR2007] 0603",,
188,458104995667161088,38.702058,57.509142,-0.369620,-1.093592,0.023020,0.024749,0.421875,0.031693,15.222520,15.752160,14.519923,0.990162,0.527753,0.987453,mcmc,,,38.347968,57.545864,NGC_957,"NGC   957, [FSR2007] 0603",,
188,458105545422957440,38.748944,57.562184,-0.353092,-1.106212,0.058466,0.060973,0.453348,0.074889,17.089285,17.889751,16.203205,1.044924,0.000000,0.967491,mcmc,,,38.347968,57.545864,NGC_957,"NGC   957, [FSR2007] 0603",,
188,458106748013776256,38.748172,57.634277,-0.290191,-1.160395,0.054200,0.057313,0.415750,0.069239,16.992300,17.564278,16.034569,1.024495,0.494140,0.971110,mcmc,,,38.347968,57.545864,NGC_957,"NGC   957, [FSR2007] 0603",,
188,458108122403268736,38.889045,57.707472,-0.350366,-1.131605,0.056130,0.056595,0.402630,0.067306,17.037516,17.879177,16.141378,1.048027,0.000000,0.943652,mcmc,,,38.347968,57.545864,NGC_957,"NGC   957, [FSR2007] 0603",,
188,458106748013777152,38.730343,57.634136,-0.260605,-1.102804,0.018013,0.019030,0.377067,0.023236,14.662798,15.068039,14.070723,1.043827,0.000000,0.983688,mcmc,,,38.347968,57.545864,NGC_957,"NGC   957, [FSR2007] 0603",,
188,458172615632315136,38.241589,57.893195,-0.133568,-1.092403,0.016907,0.019225,0.418409,0.020984,14.535232,15.010145,13.880372,1.063621,0.000000,0.927513,mcmc,,,38.347968,57.545864,NGC_957,"NGC   957, [FSR2007] 0603",,
188,458172924869294208,38.220315,57.929345,-0.374079,-1.018650,0.017880,0.017954,0.421863,0.021130,8.007365,8.561701,7.267591,1.018448,1.000000,0.944115,mcmc,,,38.347968,57.545864,NGC_957,"NGC   957, [FSR2007] 0603",,
188,458173371547433344,38.350503,57.917812,-0.378889,-1.099373,0.012951,0.013667,0.430219,0.015695,10.286090,10.690848,9.691833,1.141623,0.000000,0.962657,mcmc,,,38.347968,57.545864,NGC_957,"NGC   957, [FSR2007] 0603",,
188,458107297769581568,38.880320,57.638746,-0.201643,-1.081677,0.023143,0.024481,0.423124,0.029503,15.295897,15.737786,14.668477,1.011990,0.000000,0.979870,mcmc,,,38.347968,57.545864,NGC_957,"NGC   957, [FSR2007] 0603",,
188,458108569079444480,38.695173,57.685312,-0.200443,-1.112554,0.027482,0.028835,0.460742,0.033492,15.569880,16.045100,14.915387,1.040749,0.000000,0.968308,mcmc,,,38.347968,57.545864,NGC_957,"NGC   957, [FSR2007] 0603",,
188,458111111700490752,39.092044,57.716379,-0.177720,-1.144071,0.021631,0.021530,0.419424,0.025503,15.165680,15.609266,14.537284,1.063019,0.993865,0.918589,mcmc,,,38.347968,57.545864,NGC_957,"NGC   957, [FSR2007] 0603",,
188,458175226971655040,38.326242,58.042956,-0.298844,-1.118101,0.013840,0.014230,0.405629,0.015985,14.086517,14.585967,13.408325,1.005287,0.000000,0.931888,mcmc,,,38.347968,57.545864,NGC_957,"NGC   957, [FSR2007] 0603",,
188,458104652069731456,38.919639,57.625181,-0.227601,-1.108822,0.018670,0.019059,0.469095,0.023777,14.842048,15.273165,14.223374,1.021994,0.000000,0.923656,mcmc,,,38.347968,57.545864,NGC_957,"NGC   957, [FSR2007] 0603",,
188,458106679294307456,38.695629,57.616721,-0.321622,-1.121741,0.013584,0.013590,0.451252,0.016471,13.621863,13.997650,13.058225,1.162709,0.497856,0.981170,mcmc,,,38.347968,57.545864,NGC_957,"NGC   957, [FSR2007] 0603",,
188,458101662772544128,38.805569,57.476467,-0.226961,-1.124728,0.041059,0.043541,0.454574,0.055323,16.506138,17.119936,15.735385,1.016673,0.000000,0.970759,mcmc,,,38.347968,57.545864,NGC_957,"NGC   957, [FSR2007] 0603",,
188,458101903290712576,38.741699,57.485105,-0.272383,-1.129985,0.055331,0.058106,0.386019,0.074732,17.011278,17.851498,16.113060,1.056951,0.536280,0.972433,mcmc,,,38.347968,57.545864,NGC_957,"NGC   957, [FSR2007] 0603",,
188,458171103803234176,38.283691,57.818147,-0.417167,-1.083416,0.059527,0.057138,0.416014,0.062673,16.866821,17.581505,16.041690,1.063272,0.000000,0.935711,mcmc,,,38.347968,57.545864,NGC_957,"NGC   957, [FSR2007] 0603",,
188,458106507495162368,38.609339,57.620579,-0.355401,-1.027189,0.053145,0.053833,0.338595,0.067934,16.931772,17.601020,16.135778,1.014274,0.000000,0.953913,mcmc,,,38.347968,57.545864,NGC_957,"NGC   957, [FSR2007] 0603",,
188,458106541854899712,38.614458,57.625022,-0.195435,-1.147039,0.019294,0.020148,0.450542,0.025001,14.899840,15.266444,14.345756,0.964432,0.000000,0.976822,mcmc,,,38.347968,57.545864,NGC_957,"NGC   957, [FSR2007] 0603",,
188,458120869865750272,38.733033,57.741760,-0.250219,-1.097833,0.016818,0.016949,0.431443,0.019848,14.606306,14.972892,14.040715,1.092750,0.495741,0.988523,mcmc,,,38.347968,57.545864,NGC_957,"NGC   957, [FSR2007] 0603",,
188,458121247822850944,38.693121,57.782875,-0.148627,-1.032964,0.054994,0.055249,0.414334,0.065137,17.077793,17.763853,16.270994,0.991483,0.000000,0.904104,mcmc,,,38.347968,57.545864,NGC_957,"NGC   957, [FSR2007] 0603",,
188,458092660523918720,37.779574,57.887764,-0.273625,-1.075855,0.019047,0.022909,0.378735,0.023731,11.336452,11.636480,10.855304,1.600399,0.000000,0.924996,mcmc,,,38.347968,57.545864,NGC_957,"NGC   957, [FSR2007] 0603",,
188,458101761548872448,38.821067,57.483208,-0.164046,-1.032478,0.039888,0.042845,0.422265,0.053591,16.428213,17.087580,15.635927,0.999238,0.000000,0.947350,mcmc,,,38.347968,57.545864,NGC_957,"NGC   957, [FSR2007] 0603",,
188,458106129538047232,38.632526,57.573606,-0.187830,-1.159737,0.054371,0.057288,0.420544,0.071588,16.979246,17.705994,16.124733,1.001851,0.543152,0.966133,mcmc,,,38.347968,57.545864,NGC_957,"NGC   957, [FSR2007] 0603",,
188,458108259842465536,38.773119,57.658383,-0.217802,-1.068062,0.027072,0.026923,0.460152,0.033608,15.493618,15.953640,14.857215,0.987851,0.489902,0.970995,mcmc,,,38.347968,57.545864,NGC_957,"NGC   957, [FSR2007] 0603",,
188,458128051050988544,38.726315,57.859357,-0.153845,-1.067917,0.010660,0.011228,0.406443,0.013393,13.167313,13.503798,12.649633,1.112974,0.000000,0.946929,mcmc,,,38.347968,57.545864,NGC_957,"NGC   957, [FSR2007] 0603",,
188,458120354469696768,38.682755,57.709564,-0.300722,-1.079014,0.026693,0.027636,0.400645,0.031217,15.537740,15.989321,14.901901,1.050694,0.495741,0.989207,mcmc,,,38.347968,57.545864,NGC_957,"NGC   957, [FSR2007] 0603",,
188,458101181736200448,38.907649,57.487018,-0.286889,-1.257997,0.013927,0.014151,0.408809,0.017926,9.394827,9.660195,8.946687,1.083016,0.000000,0.923441,mcmc,,,38.347968,57.545864,NGC_957,"NGC   957, [FSR2007] 0603",,
188,458101594053050240,38.909779,57.522637,-0.279998,-1.132973,0.029631,0.033161,0.450259,0.042474,15.761492,16.241179,15.100322,1.000921,0.000000,0.974109,mcmc,,,38.347968,57.545864,NGC_957,"NGC   957, [FSR2007] 0603",,
188,458116059502766720,39.078893,57.813671,-0.250423,-1.115695,0.012816,0.013515,0.424274,0.016224,13.889342,14.246249,13.344667,1.002776,0.000000,0.954974,mcmc,,,38.347968,57.545864,NGC_957,"NGC   957, [FSR2007] 0603",,
188,458114135357466240,38.926870,57.740177,-0.192029,-1.036654,0.052794,0.053191,0.401407,0.063543,16.979982,17.783360,16.099245,0.989615,0.000000,0.911263,mcmc,,,38.347968,57.545864,NGC_957,"NGC   957, [FSR2007] 0603",,
188,458120285750197888,38.532106,57.768877,-0.362655,-1.122717,0.074332,0.075799,0.338083,0.090024,17.551865,18.409899,16.641409,1.007039,0.000000,0.927875,mcmc,,,38.347968,57.545864,NGC_957,"NGC   957, [FSR2007] 0603",,
188,458120320109962496,38.680155,57.696980,-0.311468,-1.174511,0.031315,0.032240,0.443169,0.038155,15.908507,16.427107,15.221306,1.024263,0.000000,0.977047,mcmc,,,38.347968,57.545864,NGC_957,"NGC   957, [FSR2007] 0603",,
188,458121282182578944,38.721626,57.795289,-0.211029,-1.128644,0.049691,0.048462,0.386117,0.059946,16.834862,17.562780,15.996443,1.017402,0.000000,0.946745,mcmc,,,38.347968,57.545864,NGC_957,"NGC   957, [FSR2007] 0603",,
188,458105403682162816,38.682708,57.563591,-0.162347,-1.094753,0.117394,0.114072,0.358747,0.143057,18.115640,19.030120,17.190863,1.018483,0.000000,0.903913,mcmc,,,38.347968,57.545864,NGC_957,"NGC   957, [FSR2007] 0603",,
188,458118121086736256,38.567947,57.598359,-0.433687,-1.070414,0.040962,0.044029,0.388492,0.054451,16.507137,17.124239,15.744807,1.007724,0.000000,0.954727,mcmc,,,38.347968,57.545864,NGC_957,"NGC   957, [FSR2007] 0603",,
188,458118636482794496,38.548987,57.676487,-0.329261,-1.044384,0.032276,0.033059,0.355993,0.039517,15.941069,16.541204,15.188019,1.010012,0.000000,0.971573,mcmc,,,38.347968,57.545864,NGC_957,"NGC   957, [FSR2007] 0603",,
188,458120526268371456,38.685605,57.741318,-0.205567,-1.095864,0.022410,0.023128,0.375182,0.026047,15.049746,15.428033,14.481406,1.062118,0.000000,0.967843,mcmc,,,38.347968,57.545864,NGC_957,"NGC   957, [FSR2007] 0603",,
188,458125061753795456,38.472661,57.835506,-0.341710,-1.091196,0.023617,0.025154,0.479484,0.028072,15.501247,16.006296,14.824285,1.021763,0.000000,0.900839,mcmc,,,38.347968,57.545864,NGC_957,"NGC   957, [FSR2007] 0603",,
188,458171447400598400,38.326290,57.844312,-0.225152,-0.951767,0.046337,0.047368,0.400983,0.053776,16.718650,17.448576,15.876701,0.997795,1.000000,0.904801,mcmc,,,38.347968,57.545864,NGC_957,"NGC   957, [FSR2007] 0603",,
188,458171309961659264,38.263833,57.829464,-0.310753,-1.043930,0.069179,0.076736,0.419319,0.084792,17.355274,18.126938,16.493143,1.071886,0.000000,0.947467,mcmc,,,38.347968,57.545864,NGC_957,"NGC   957, [FSR2007] 0603",,
188,458114616393784448,38.932681,57.776315,-0.209738,-1.057083,0.035564,0.035983,0.382856,0.042823,16.182816,16.770525,15.435396,1.069781,0.000000,0.931022,mcmc,,,38.347968,57.545864,NGC_957,"NGC   957, [FSR2007] 0603",,
188,458125297971053056,38.604875,57.856190,-0.370931,-1.093682,0.027650,0.027111,0.370994,0.033818,15.684323,16.141949,15.039937,0.979263,0.000000,0.935407,mcmc,,,38.347968,57.545864,NGC_957,"NGC   957, [FSR2007] 0603",,
188,458119529835993600,38.477569,57.682241,-0.359881,-1.130277,0.014331,0.015092,0.407984,0.017345,11.173999,11.485493,10.679411,0.967818,0.000000,0.992722,mcmc,,,38.347968,57.545864,NGC_957,"NGC   957, [FSR2007] 0603",,
188,458131658823485312,38.595118,57.915948,-0.205873,-1.083149,0.026528,0.025237,0.400289,0.029459,15.522350,15.934250,14.912820,1.015149,0.000000,0.951472,mcmc,,,38.347968,57.545864,NGC_957,"NGC   957, [FSR2007] 0603",,
188,458121660139713152,38.629589,57.788816,-0.379885,-1.159249,0.049885,0.053107,0.380878,0.060697,16.859835,17.594908,16.013900,1.020305,0.000000,0.933906,mcmc,,,38.347968,57.545864,NGC_957,"NGC   957, [FSR2007] 0603",,
188,458122862730604800,38.374101,57.730520,-0.275955,-1.153536,0.099618,0.110817,0.404078,0.122698,17.953707,18.906382,17.009743,1.025487,0.000000,0.942815,mcmc,,,38.347968,57.545864,NGC_957,"NGC   957, [FSR2007] 0603",,
188,458172340753794944,38.136895,57.869626,-0.266780,-1.098117,0.043206,0.049610,0.351889,0.054726,16.529541,17.162241,15.753913,1.061529,0.000000,0.936563,mcmc,,,38.347968,57.545864,NGC_957,"NGC   957, [FSR2007] 0603",,
188,458175158252191488,38.351278,58.028104,-0.302377,-1.070566,0.025820,0.026234,0.396037,0.029915,15.566919,16.166174,14.805020,1.039319,0.000000,0.907955,mcmc,,,38.347968,57.545864,NGC_957,"NGC   957, [FSR2007] 0603",,
188,458175295691281920,38.119950,57.892294,-0.307406,-1.106397,0.029507,0.033433,0.425137,0.035849,15.782310,16.286776,15.105671,1.065787,1.000000,0.971546,mcmc,,,38.347968,57.545864,NGC_957,"NGC   957, [FSR2007] 0603",,
188,458175364410749824,38.103187,57.906412,-0.279116,-1.110838,0.070055,0.074406,0.454433,0.084542,17.409863,18.243462,16.519636,1.000233,1.000000,0.901359,mcmc,,,38.347968,57.545864,NGC_957,"NGC   957, [FSR2007] 0603",,
