cluster_label,source_id,ra,dec,pmra,pmdec,pmra_error,pmdec_error,parallax,parallax_error,phot_g_mean_mag,phot_bp_mean_mag,phot_rp_mean_mag,ruwe,membership_prob,prob_source,ms_flag,giant_flag,cluster_centre_ra,cluster_centre_dec,hunt24_name,simbad_name,sp_type,sp_class
11,2.05797E+18,305.441148,37.373766,-3.682243,-6.32491,0.011113,0.013177,0.567825,0.011395,11.728445,12.604034,10.800439,1.011236,0.994612,mcmc,,,305.409139,37.412596,Berkeley_87,no known OC,,
11,2.05797E+18,305.473425,37.367493,-3.686089,-6.220525,0.016089,0.017765,0.558707,0.016035,14.350386,15.218721,13.420958,0.973776,0.993116,mcmc,,,305.409139,37.412596,Berkeley_87,no known OC,,
11,2.05797E+18,305.42923,37.370422,-3.615064,-6.423639,0.013177,0.014569,0.55927,0.013227,13.766478,14.640445,12.835337,1.052683,0.994058,mcmc,,,305.409139,37.412596,Berkeley_87,no known OC,,
11,2.05797E+18,305.403169,37.409135,-3.465314,-6.477206,0.015798,0.018629,0.572142,0.016493,13.269297,14.194613,12.310383,1.531341,0.976118,mcmc,,,305.409139,37.412596,Berkeley_87,no known OC,,
11,2.05797E+18,305.4236,37.356301,-3.601665,-6.27377,0.017013,0.018866,0.555763,0.01742,14.471591,15.313015,13.556798,0.983112,0.995136,mcmc,,,305.409139,37.412596,Berkeley_87,no known OC,,
11,2.05797E+18,305.446868,37.403088,-3.549508,-6.457806,0.044756,0.052008,0.631217,0.04919,16.55434,17.913023,15.416676,1.026172,0.955868,mcmc,,,305.409139,37.412596,Berkeley_87,no known OC,,
11,2.05797E+18,305.407643,37.39115,-3.540307,-6.497455,0.055924,0.066471,0.534427,0.058806,16.896427,18.340189,15.739621,0.936568,0.961121,mcmc,,,305.409139,37.412596,Berkeley_87,no known OC,,
11,2.05797E+18,305.396298,37.376027,-3.658778,-6.240314,0.01249,0.013371,0.570839,0.012598,13.516492,14.394402,12.581114,1.041735,0.995339,mcmc,,,305.409139,37.412596,Berkeley_87,no known OC,,
11,2.05797E+18,305.342193,37.352603,-3.544297,-6.246857,0.042807,0.047763,0.522699,0.044919,16.457523,17.530695,15.440265,1.022786,0.978122,mcmc,,,305.409139,37.412596,Berkeley_87,no known OC,,
11,2.05797E+18,305.575403,37.435978,-3.460498,-6.283776,0.035425,0.041605,0.540427,0.036997,16.266764,17.429443,15.192001,1.029843,0.970057,mcmc,,,305.409139,37.412596,Berkeley_87,no known OC,,
11,2.05797E+18,305.415675,37.377615,-3.598762,-6.470369,0.014169,0.016364,0.591201,0.014577,12.958935,13.832048,12.029285,1.090186,0.966436,mcmc,,,305.409139,37.412596,Berkeley_87,no known OC,,
11,2.05797E+18,305.392061,37.391897,-3.514136,-6.343242,0.062847,0.07957,0.489393,0.067406,17.027042,18.461105,15.855927,1.071285,0.963482,mcmc,,,305.409139,37.412596,Berkeley_87,no known OC,,
11,2.05797E+18,305.499799,37.439696,-3.534137,-6.22836,0.033966,0.036942,0.602274,0.033287,12.620819,,,1.395044,0.986932,mcmc,,,305.409139,37.412596,Berkeley_87,no known OC,,
11,2.05797E+18,305.473222,37.441441,-3.633511,-6.517126,0.030587,0.036704,0.570013,0.031432,15.875598,17.028948,14.813997,1.116558,0.982581,mcmc,,,305.409139,37.412596,Berkeley_87,no known OC,,
11,2.05796E+18,305.528587,37.29786,-3.640818,-6.244768,0.015625,0.016796,0.552512,0.015377,14.246587,15.064881,13.344049,1.054775,0.984278,mcmc,,,305.409139,37.412596,Berkeley_87,no known OC,,
11,2.05797E+18,305.438745,37.427452,-3.83686,-6.364565,0.048883,0.05597,0.547993,0.053876,16.765488,18.04322,15.665692,1.024823,0.902089,mcmc,,,305.409139,37.412596,Berkeley_87,no known OC,,
11,2.05799E+18,305.647883,37.509456,-3.67388,-6.289728,0.044474,0.049137,0.572689,0.043711,16.590956,17.744947,15.529474,0.997941,0.975969,mcmc,,,305.409139,37.412596,Berkeley_87,no known OC,,
11,2.06097E+18,305.184134,37.471928,-3.505529,-6.298617,0.038889,0.039717,0.585557,0.03946,16.327923,17.399015,15.30138,0.977701,0.975586,mcmc,,,305.409139,37.412596,Berkeley_87,no known OC,,
11,2.06097E+18,305.12998,37.476527,-3.628212,-6.276521,0.045932,0.048659,0.587931,0.047866,16.66214,17.90366,15.565859,1.040833,0.964982,mcmc,,,305.409139,37.412596,Berkeley_87,no known OC,,
11,2.06097E+18,305.295502,37.398207,-3.606143,-6.353051,0.018485,0.018099,0.578379,0.017458,14.575958,15.493004,13.621274,1.029634,0.992983,mcmc,,,305.409139,37.412596,Berkeley_87,no known OC,,
11,2.06097E+18,305.313998,37.408612,-3.566579,-6.414153,0.016583,0.017279,0.569598,0.016849,7.940772,8.938638,6.927368,1.031054,0.993544,mcmc,,,305.409139,37.412596,Berkeley_87,no known OC,,
11,2.06097E+18,305.389708,37.423048,-3.668505,-6.364183,0.012013,0.015096,0.574573,0.01267,13.486067,14.347668,12.560989,1.016024,0.995227,mcmc,,,305.409139,37.412596,Berkeley_87,no known OC,,
11,2.06097E+18,305.347217,37.442836,-3.661457,-6.253563,0.041481,0.049059,0.511441,0.043297,16.415474,17.603296,15.336906,0.991628,0.987124,mcmc,,,305.409139,37.412596,Berkeley_87,no known OC,,
11,2.06097E+18,305.338648,37.451191,-3.655523,-6.428643,0.018618,0.019202,0.602001,0.018921,14.534465,15.630662,13.494713,0.963407,0.969935,mcmc,,,305.409139,37.412596,Berkeley_87,no known OC,,
11,2.06097E+18,305.282917,37.472822,-3.467227,-6.286857,0.030887,0.028788,0.580849,0.028762,15.719249,16.692274,14.730313,1.03665,0.98663,mcmc,,,305.409139,37.412596,Berkeley_87,no known OC,,
11,2.06097E+18,305.38189,37.417712,-3.749507,-6.364556,0.015798,0.017962,0.553209,0.016272,14.37321,15.264547,13.432993,1.003735,0.989137,mcmc,,,305.409139,37.412596,Berkeley_87,no known OC,,
11,2.06097E+18,305.415119,37.624828,-3.654516,-6.19455,0.033364,0.040099,0.531357,0.036325,16.032312,16.92093,15.090242,1.029915,0.991766,mcmc,,,305.409139,37.412596,Berkeley_87,no known OC,,
11,2.06098E+18,305.355365,37.658695,-3.697811,-6.178308,0.012018,0.013377,0.541094,0.012514,13.809621,14.646751,12.901762,1.009724,0.990397,mcmc,,,305.409139,37.412596,Berkeley_87,no known OC,,
11,2.05796E+18,305.340058,37.315209,-3.514533,-6.423713,0.030644,0.035154,0.564114,0.031985,15.838528,16.628012,14.952779,1.013631,0.96554,mcmc,,,305.409139,37.412596,Berkeley_87,no known OC,,
11,2.05796E+18,305.451624,37.234684,-3.59407,-6.427073,0.016207,0.019582,0.561473,0.01707,14.559622,15.168472,13.794169,1.059443,0.950219,mcmc,,,305.409139,37.412596,Berkeley_87,no known OC,,
11,2.06097E+18,305.419568,37.527976,-3.816396,-6.316758,0.052585,0.062864,0.512654,0.054716,16.878548,18.226345,15.719171,0.988924,0.940832,mcmc,,,305.409139,37.412596,Berkeley_87,no known OC,,
11,2.06097E+18,305.463508,37.572204,-3.67757,-6.284499,0.010465,0.013703,0.541841,0.011585,13.231024,13.82627,12.477731,1.014748,0.995884,mcmc,,,305.409139,37.412596,Berkeley_87,no known OC,,
11,2.05797E+18,305.389462,37.405371,-3.566541,-6.438241,0.012618,0.014063,0.58453,0.012874,12.844893,13.684399,11.934689,1.090819,0.986205,mcmc,,,305.409139,37.412596,Berkeley_87,no known OC,,
11,2.05797E+18,305.49964,37.440038,-3.71205,-6.485398,0.027734,0.03114,0.516219,0.02775,12.340214,13.042027,11.023702,1.54169,0.938475,mcmc,,,305.409139,37.412596,Berkeley_87,no known OC,,
11,2.05797E+18,305.447238,37.442194,-3.670851,-6.40933,0.011641,0.013375,0.536613,0.011951,10.99183,11.819003,10.090996,0.982775,0.989786,mcmc,,,305.409139,37.412596,Berkeley_87,no known OC,,
11,2.05796E+18,305.570769,37.37997,-3.531024,-6.275451,0.040623,0.046768,0.495902,0.042707,16.356047,17.52602,15.282919,1.022522,0.938717,mcmc,,,305.409139,37.412596,Berkeley_87,no known OC,,
11,2.06097E+18,305.404247,37.46553,-3.627667,-6.351808,0.019064,0.02291,0.534132,0.019451,14.840752,15.933171,13.804211,0.984863,0.994799,mcmc,,,305.409139,37.412596,Berkeley_87,no known OC,,
11,2.05796E+18,305.334092,37.342766,-3.681823,-6.247535,0.052908,0.060723,0.626655,0.055083,16.893955,18.122534,15.797048,0.950231,0.957196,mcmc,,,305.409139,37.412596,Berkeley_87,no known OC,,
11,2.05797E+18,305.491999,37.349883,-3.624438,-6.419776,0.117619,0.143004,0.588227,0.123447,18.316801,19.838968,17.145159,0.955269,0.919161,mcmc,,,305.409139,37.412596,Berkeley_87,no known OC,,
11,2.05797E+18,305.362601,37.34099,-3.677095,-6.491092,0.036808,0.046585,0.513176,0.039798,16.22391,17.216442,15.241226,0.993191,0.919191,mcmc,,,305.409139,37.412596,Berkeley_87,no known OC,,
11,2.05797E+18,305.425101,37.443448,-3.384996,-6.377043,0.128933,0.158336,0.60325,0.137903,18.36156,20.035679,17.129278,1.037595,0.914815,mcmc,,,305.409139,37.412596,Berkeley_87,no known OC,,
11,2.05796E+18,305.336447,37.342813,-3.590724,-6.293171,0.020397,0.022496,0.575614,0.021268,14.896418,15.702987,13.998932,1.018647,0.991266,mcmc,,,305.409139,37.412596,Berkeley_87,no known OC,,
11,2.05797E+18,305.462926,37.360826,-3.531694,-6.33445,0.017012,0.019556,0.530786,0.017413,14.546013,15.48347,13.579087,0.930614,0.981607,mcmc,,,305.409139,37.412596,Berkeley_87,no known OC,,
11,2.05797E+18,305.470979,37.417343,-3.665298,-6.501491,0.042652,0.049849,0.586064,0.045648,16.40198,17.622606,15.318115,1.091097,0.970876,mcmc,,,305.409139,37.412596,Berkeley_87,no known OC,,
11,2.05797E+18,305.455537,37.426459,-3.668032,-6.300773,0.043811,0.048678,0.587881,0.045107,16.530718,17.603336,15.511369,0.945821,0.990604,mcmc,,,305.409139,37.412596,Berkeley_87,no known OC,,
11,2.05797E+18,305.453457,37.456769,-3.648046,-6.330537,0.022082,0.025933,0.550592,0.023214,15.227593,16.318424,14.18759,1.009872,0.996272,mcmc,,,305.409139,37.412596,Berkeley_87,no known OC,,
11,2.05797E+18,305.38148,37.344809,-3.54738,-6.360688,0.012215,0.014912,0.552706,0.013043,10.936842,11.58163,10.151587,0.987398,0.993075,mcmc,,,305.409139,37.412596,Berkeley_87,no known OC,,
11,2.05797E+18,305.368018,37.378022,-3.602639,-6.144674,0.025451,0.027877,0.553797,0.02509,15.176867,16.116459,14.211189,1.036181,0.992394,mcmc,,,305.409139,37.412596,Berkeley_87,no known OC,,
11,2.05797E+18,305.43037,37.432519,-3.559908,-6.193018,0.023546,0.026047,0.562079,0.024052,15.257838,16.254442,14.26301,0.996505,0.995926,mcmc,,,305.409139,37.412596,Berkeley_87,no known OC,,
11,2.05797E+18,305.406284,37.334058,-3.545474,-6.35141,0.134295,0.15824,0.584236,0.144554,18.296738,19.712578,17.146734,1.017351,0.907804,mcmc,,,305.409139,37.412596,Berkeley_87,no known OC,,
11,2.06099E+18,305.190219,37.60443,-3.542799,-6.067034,0.082613,0.089617,0.525123,0.088379,17.673119,19.058321,16.52752,1.048588,0.908026,mcmc,,,305.409139,37.412596,Berkeley_87,no known OC,,
11,2.06099E+18,305.191927,37.716944,-3.628814,-6.141284,0.022877,0.024546,0.560744,0.022039,14.817837,15.393193,14.073464,1.293895,0.971577,mcmc,,,305.409139,37.412596,Berkeley_87,no known OC,,
11,2.05797E+18,305.451716,37.432721,-3.778281,-6.319778,0.133822,0.158021,0.497247,0.139382,18.29437,20.012434,17.062443,1.023972,0.929457,mcmc,,,305.409139,37.412596,Berkeley_87,no known OC,,
11,2.05797E+18,305.467648,37.488193,-3.787907,-6.284335,0.04904,0.058039,0.478865,0.050889,16.812283,18.186405,15.662685,1.021026,0.910441,mcmc,,,305.409139,37.412596,Berkeley_87,no known OC,,
11,2.05796E+18,305.426359,37.314434,-3.612169,-6.363187,0.021638,0.02366,0.529192,0.02188,14.939471,15.775762,14.021869,0.99959,0.975118,mcmc,,,305.409139,37.412596,Berkeley_87,no known OC,,
11,2.05797E+18,305.402604,37.35672,-3.637093,-6.403853,0.011998,0.013174,0.564187,0.012307,13.379146,14.100642,12.536953,0.967253,0.993775,mcmc,,,305.409139,37.412596,Berkeley_87,no known OC,,
11,2.05797E+18,305.409878,37.412596,-3.634718,-6.25489,0.041004,0.039802,0.58815,0.037859,16.069218,17.07735,15.060719,0.947277,0.992569,mcmc,,,305.409139,37.412596,Berkeley_87,no known OC,,
11,2.05797E+18,305.341779,37.36032,-3.737747,-6.141181,0.030732,0.034675,0.606356,0.031642,15.89105,16.973524,14.848578,0.978948,0.933549,mcmc,,,305.409139,37.412596,Berkeley_87,no known OC,,
11,2.05797E+18,305.36654,37.381106,-3.495067,-6.269083,0.038367,0.046109,0.493412,0.040038,16.278265,17.362488,15.24834,0.996693,0.948995,mcmc,,,305.409139,37.412596,Berkeley_87,no known OC,,
11,2.05797E+18,305.582077,37.450163,-3.498171,-6.386065,0.032222,0.036408,0.520691,0.032438,16.01771,17.003706,15.025715,0.986923,0.963222,mcmc,,,305.409139,37.412596,Berkeley_87,no known OC,,
11,2.05796E+18,305.486156,37.32653,-3.646815,-6.420146,0.061288,0.072844,0.489925,0.061948,17.128193,18.473272,15.999939,0.971669,0.912839,mcmc,,,305.409139,37.412596,Berkeley_87,no known OC,,
11,2.06099E+18,305.15396,37.784751,-3.598029,-6.083578,0.01152,0.011251,0.559375,0.011029,13.209983,13.740315,12.508879,1.111614,0.90303,mcmc,,,305.409139,37.412596,Berkeley_87,no known OC,,
11,2.061E+18,305.505861,37.636131,-3.558727,-6.017304,0.042507,0.052225,0.509461,0.044314,16.515131,17.728535,15.426917,0.968805,0.938478,mcmc,,,305.409139,37.412596,Berkeley_87,no known OC,,
11,2.05796E+18,305.568736,37.401467,-3.580755,-6.395765,0.0125,0.01451,0.548542,0.012565,13.638598,14.681994,12.625751,0.98014,0.991204,mcmc,,,305.409139,37.412596,Berkeley_87,no known OC,,
11,2.05797E+18,305.550668,37.441244,-3.627485,-6.251564,0.032455,0.037684,0.565738,0.031949,15.920995,17.178345,14.815235,1.060145,0.992955,mcmc,,,305.409139,37.412596,Berkeley_87,no known OC,,
11,2.05797E+18,305.358752,37.353671,-3.663642,-6.3316,0.069234,0.085824,0.546599,0.075548,17.40402,18.832834,16.252075,0.980901,0.970197,mcmc,,,305.409139,37.412596,Berkeley_87,no known OC,,
11,2.05797E+18,305.41116,37.420865,-3.516289,-5.96399,0.010568,0.012537,0.563099,0.011137,9.943044,10.75755,9.050427,0.921517,0.973491,mcmc,,,305.409139,37.412596,Berkeley_87,no known OC,,
11,2.05797E+18,305.476464,37.392312,-3.574648,-6.185085,0.010574,0.012297,0.54428,0.011048,13.216353,14.151985,12.253903,1.012458,0.994344,mcmc,,,305.409139,37.412596,Berkeley_87,no known OC,,
11,2.05799E+18,305.668631,37.561211,-3.603213,-6.320936,0.018371,0.021505,0.539355,0.017827,14.548744,15.385371,13.635737,1.130229,0.982117,mcmc,,,305.409139,37.412596,Berkeley_87,no known OC,,
11,2.06097E+18,305.415599,37.471617,-3.645218,-6.36064,0.041937,0.050037,0.593919,0.043805,16.54746,17.843,15.426142,1.054273,0.992301,mcmc,,,305.409139,37.412596,Berkeley_87,no known OC,,
11,2.05797E+18,305.484917,37.384276,-3.629586,-6.3072,0.020303,0.022047,0.512337,0.020073,14.924746,15.855715,13.961681,1.010074,0.959674,mcmc,,,305.409139,37.412596,Berkeley_87,no known OC,,
11,2.05797E+18,305.436447,37.3675,-3.705468,-6.418673,0.020667,0.024516,0.541907,0.021591,14.956786,15.956319,13.962415,1.006463,0.981095,mcmc,,,305.409139,37.412596,Berkeley_87,no known OC,,
11,2.05797E+18,305.390631,37.392559,-3.517731,-6.352656,0.038223,0.0543,0.649052,0.041861,16.221634,17.3578,15.175051,1.016154,0.923742,mcmc,,,305.409139,37.412596,Berkeley_87,no known OC,,
11,2.05797E+18,305.468742,37.439984,-3.659215,-6.418657,0.054351,0.080088,0.525178,0.05955,16.974266,18.246288,15.861717,0.993158,0.98129,mcmc,,,305.409139,37.412596,Berkeley_87,no known OC,,
11,2.05796E+18,305.544018,37.383881,-3.630902,-6.395595,0.028076,0.030721,0.503263,0.027931,15.625431,16.56626,14.655036,1.034948,0.929869,mcmc,,,305.409139,37.412596,Berkeley_87,no known OC,,
11,2.05797E+18,305.374531,37.362027,-3.640117,-6.221582,0.02525,0.028127,0.573971,0.025039,15.323678,16.174965,14.400659,1.010985,0.992332,mcmc,,,305.409139,37.412596,Berkeley_87,no known OC,,
11,2.05797E+18,305.39973,37.381049,-3.656811,-6.285237,0.012555,0.014125,0.557369,0.013025,13.660883,14.541084,12.726861,1.0377,0.996376,mcmc,,,305.409139,37.412596,Berkeley_87,no known OC,,
11,2.05797E+18,305.466715,37.404127,-3.759847,-6.332607,0.016753,0.020369,0.575241,0.017318,14.446732,15.411947,13.469881,1.000057,0.982259,mcmc,,,305.409139,37.412596,Berkeley_87,no known OC,,
11,2.05799E+18,305.61383,37.591435,-3.465922,-6.301381,0.012835,0.015869,0.542851,0.013276,11.356069,12.005563,10.572453,0.990112,0.977191,mcmc,,,305.409139,37.412596,Berkeley_87,no known OC,,
11,2.05797E+18,305.451572,37.435016,-3.616309,-6.370082,0.01929,0.022094,0.563656,0.019958,14.713152,15.682847,13.735217,1.095587,0.996385,mcmc,,,305.409139,37.412596,Berkeley_87,no known OC,,
11,2.05797E+18,305.468095,37.435319,-3.753426,-6.213437,0.042596,0.051542,0.535151,0.04519,16.55278,17.76222,15.471783,0.997323,0.976537,mcmc,,,305.409139,37.412596,Berkeley_87,no known OC,,
11,2.05797E+18,305.46238,37.435006,-3.544272,-6.36245,0.010717,0.012481,0.578441,0.011205,12.796445,13.736968,11.824801,1.04047,0.994202,mcmc,,,305.409139,37.412596,Berkeley_87,no known OC,,
11,2.05797E+18,305.446105,37.4534,-3.544702,-6.283142,0.017566,0.020552,0.561941,0.018388,14.65064,15.738168,13.617523,1.088594,0.997122,mcmc,,,305.409139,37.412596,Berkeley_87,no known OC,,
11,2.05797E+18,305.445219,37.475113,-3.622302,-6.407387,0.041677,0.049095,0.517783,0.042344,16.516962,17.83508,15.388074,0.943768,0.988189,mcmc,,,305.409139,37.412596,Berkeley_87,no known OC,,
11,2.05799E+18,305.59561,37.513154,-3.568069,-6.183012,0.03835,0.042473,0.609297,0.039967,16.273933,17.291508,15.269583,0.991792,0.978095,mcmc,,,305.409139,37.412596,Berkeley_87,no known OC,,
11,2.05797E+18,305.415354,37.418189,-3.62995,-6.443314,0.013134,0.014576,0.586307,0.013145,11.201333,12.107084,10.258527,0.911941,0.985488,mcmc,,,305.409139,37.412596,Berkeley_87,no known OC,,
11,2.05797E+18,305.444693,37.438005,-3.665051,-6.196431,0.022108,0.024879,0.545891,0.022546,14.463502,15.437115,13.474562,1.414894,0.99505,mcmc,,,305.409139,37.412596,Berkeley_87,no known OC,,
11,2.06097E+18,305.368161,37.438857,-3.560281,-6.341419,0.011479,0.012813,0.550778,0.011784,13.443903,14.552835,12.386666,1.002837,0.997258,mcmc,,,305.409139,37.412596,Berkeley_87,no known OC,,
11,2.06097E+18,305.412073,37.51843,-3.469042,-6.156423,0.073405,0.100881,0.531692,0.075133,17.538397,19.043673,16.383476,0.931897,0.975764,mcmc,,,305.409139,37.412596,Berkeley_87,no known OC,,
11,2.06097E+18,305.257124,37.508702,-3.633558,-6.495527,0.129293,0.126064,0.571321,0.118348,18.171234,19.236132,16.913115,1.042913,0.940181,mcmc,,,305.409139,37.412596,Berkeley_87,no known OC,,
11,2.06098E+18,305.309815,37.689548,-3.625403,-6.113115,0.010383,0.010967,0.537046,0.010579,13.260331,14.082252,12.358603,1.044509,0.980473,mcmc,,,305.409139,37.412596,Berkeley_87,no known OC,,
11,2.05799E+18,305.631089,37.656243,-3.631559,-6.135545,0.01716,0.019388,0.560338,0.016393,14.528639,15.501631,13.544363,1.026217,0.983896,mcmc,,,305.409139,37.412596,Berkeley_87,no known OC,,
11,2.05799E+18,305.575096,37.591658,-3.674257,-6.236561,0.025293,0.029629,0.56542,0.02589,15.60757,16.405237,14.719093,0.946876,0.992099,mcmc,,,305.409139,37.412596,Berkeley_87,no known OC,,
11,2.06101E+18,305.388008,37.846038,-3.646092,-6.140843,0.01336,0.013204,0.545153,0.012902,12.875423,13.406711,12.176496,0.991175,0.922316,mcmc,,,305.409139,37.412596,Berkeley_87,no known OC,,
11,2.061E+18,305.569552,37.640547,-3.626972,-6.343846,0.031432,0.03619,0.594563,0.031353,16.01756,17.121809,14.976562,0.949818,0.983746,mcmc,,,305.409139,37.412596,Berkeley_87,no known OC,,
11,2.061E+18,305.46499,37.73384,-3.712582,-6.375061,0.042737,0.052275,0.501179,0.047564,16.57203,17.756012,15.440135,1.041551,0.916061,mcmc,,,305.409139,37.412596,Berkeley_87,no known OC,,
11,2.06101E+18,305.259993,37.824523,-3.57884,-6.227832,0.016266,0.016685,0.561769,0.016037,14.450039,14.947365,13.775026,1.000595,0.954575,mcmc,,,305.409139,37.412596,Berkeley_87,no known OC,,
11,2.06097E+18,305.348478,37.410319,-3.740152,-6.357874,0.041935,0.052182,0.53213,0.044883,16.272747,17.554419,15.167155,1.117948,0.974737,mcmc,,,305.409139,37.412596,Berkeley_87,no known OC,,
11,2.06097E+18,305.380141,37.422421,-3.607955,-6.285151,0.04125,0.045949,0.497036,0.041823,16.400301,17.678204,15.293009,0.961043,0.982021,mcmc,,,305.409139,37.412596,Berkeley_87,no known OC,,
11,2.06097E+18,305.37622,37.440233,-3.563119,-6.487563,0.122968,0.163606,0.559095,0.133298,18.324825,20.16612,17.032688,1.027903,0.950898,mcmc,,,305.409139,37.412596,Berkeley_87,no known OC,,
11,2.06097E+18,305.391192,37.494995,-3.717066,-6.405633,0.021435,0.025651,0.541875,0.021833,15.21781,16.346798,14.164339,1.018276,0.991098,mcmc,,,305.409139,37.412596,Berkeley_87,no known OC,,
11,2.06097E+18,305.341606,37.520642,-3.473522,-6.423979,0.060535,0.073444,0.454351,0.062007,17.265368,18.800287,16.06379,0.982044,0.910623,mcmc,,,305.409139,37.412596,Berkeley_87,no known OC,,
11,2.06097E+18,305.399864,37.487399,-3.662919,-6.293108,0.044695,0.052671,0.605728,0.048498,16.636246,17.94568,15.487963,0.977245,0.991542,mcmc,,,305.409139,37.412596,Berkeley_87,no known OC,,
11,2.06097E+18,305.330209,37.390174,-3.573601,-6.415373,0.010803,0.011137,0.572888,0.010846,10.41083,11.181137,9.544291,0.920107,0.993163,mcmc,,,305.409139,37.412596,Berkeley_87,no known OC,,
11,2.06098E+18,305.257107,37.628753,-3.516683,-6.283233,0.009475,0.011024,0.566345,0.01005,12.295571,13.027089,11.451436,1.001367,0.995028,mcmc,,,305.409139,37.412596,Berkeley_87,no known OC,,
11,2.06096E+18,305.235974,37.369615,-3.612379,-6.454932,0.021422,0.021417,0.557682,0.021619,15.057775,16.079432,14.012635,1.033508,0.979956,mcmc,,,305.409139,37.412596,Berkeley_87,no known OC,,
11,2.06098E+18,305.286162,37.672893,-3.592544,-6.23403,0.025315,0.026787,0.526926,0.027012,15.582891,16.34884,14.713169,1.038819,0.986401,mcmc,,,305.409139,37.412596,Berkeley_87,no known OC,,
11,2.06097E+18,305.442852,37.561677,-3.600049,-6.211869,0.032168,0.041651,0.626938,0.035081,15.94914,16.814966,15.018069,0.980031,0.982364,mcmc,,,305.409139,37.412596,Berkeley_87,no known OC,,
11,2.06097E+18,305.26893,37.495325,-3.623022,-6.434865,0.140248,0.157575,0.468727,0.14443,18.595762,20.277222,17.427914,0.994773,0.930025,mcmc,,,305.409139,37.412596,Berkeley_87,no known OC,,
11,2.06097E+18,305.362416,37.426029,-3.61183,-6.525527,0.136836,0.180174,0.733485,0.153612,18.492449,20.107529,17.306355,0.99291,0.911015,mcmc,,,305.409139,37.412596,Berkeley_87,no known OC,,
11,2.06097E+18,305.395078,37.470312,-3.605018,-6.423008,0.033637,0.038386,0.583859,0.034003,16.074497,17.170115,15.037137,0.963515,0.992751,mcmc,,,305.409139,37.412596,Berkeley_87,no known OC,,
11,2.06097E+18,305.287276,37.49447,-3.562008,-6.467299,0.012342,0.012698,0.599928,0.012133,12.855134,13.605168,11.997187,1.060187,0.902327,mcmc,,,305.409139,37.412596,Berkeley_87,no known OC,,
11,2.06097E+18,305.337351,37.518609,-3.622622,-6.287203,0.016144,0.017171,0.557726,0.016138,14.557137,15.485599,13.596256,0.958108,0.998013,mcmc,,,305.409139,37.412596,Berkeley_87,no known OC,,
11,2.06097E+18,305.437936,37.511545,-3.541385,-6.29151,0.043138,0.051448,0.448664,0.045242,16.62661,17.77242,15.561501,1.022209,0.90632,mcmc,,,305.409139,37.412596,Berkeley_87,no known OC,,
11,2.06097E+18,305.327114,37.4562,-3.500418,-6.438277,0.103999,0.111168,0.685773,0.102359,17.986671,19.801,16.716793,0.971726,0.941256,mcmc,,,305.409139,37.412596,Berkeley_87,no known OC,,
11,2.06097E+18,305.323696,37.51837,-3.587411,-6.425448,0.081782,0.096487,0.487181,0.083464,17.745392,19.36573,16.541971,0.954419,0.972517,mcmc,,,305.409139,37.412596,Berkeley_87,no known OC,,
11,2.06097E+18,305.410595,37.533007,-3.710492,-6.307051,0.048371,0.05825,0.576006,0.050036,6.540503,9.557435,5.057618,1.067896,0.991148,mcmc,,,305.409139,37.412596,Berkeley_87,no known OC,,
11,2.06097E+18,305.237498,37.502763,-3.613901,-6.130103,0.163926,0.199001,0.501751,0.174806,18.876013,20.319752,17.692078,0.990645,0.900884,mcmc,,,305.409139,37.412596,Berkeley_87,no known OC,,
11,2.06097E+18,305.255658,37.536079,-3.643453,-6.272632,0.042129,0.044317,0.482093,0.044581,16.615067,17.701319,15.584541,0.971856,0.965997,mcmc,,,305.409139,37.412596,Berkeley_87,no known OC,,
11,2.06097E+18,305.318734,37.46935,-3.551668,-6.341022,0.011224,0.010937,0.565807,0.011034,13.164682,14.055993,12.225078,1.026019,0.997454,mcmc,,,305.409139,37.412596,Berkeley_87,no known OC,,
11,2.06097E+18,305.209871,37.454482,-3.584679,-6.182409,0.043491,0.041658,0.596262,0.043169,16.290434,17.415447,15.236472,1.112556,0.980958,mcmc,,,305.409139,37.412596,Berkeley_87,no known OC,,
11,2.06097E+18,305.372248,37.431404,-3.618213,-6.201076,0.018217,0.019978,0.55733,0.018766,14.570085,15.438563,13.642741,1.0415,0.996965,mcmc,,,305.409139,37.412596,Berkeley_87,no known OC,,
11,2.06097E+18,305.180982,37.50277,-3.57165,-6.22075,0.133388,0.163528,0.60096,0.141144,18.465685,19.718039,17.387957,0.999673,0.914169,mcmc,,,305.409139,37.412596,Berkeley_87,no known OC,,
11,2.06097E+18,305.348887,37.400375,-3.646646,-6.52083,0.0194,0.023083,0.583695,0.019772,14.710028,15.616334,13.757596,1.043749,0.972932,mcmc,,,305.409139,37.412596,Berkeley_87,no known OC,,
11,2.06097E+18,305.388341,37.486497,-3.56321,-6.276159,0.028395,0.033514,0.590235,0.028785,15.814361,16.953924,14.753505,1.023718,0.995045,mcmc,,,305.409139,37.412596,Berkeley_87,no known OC,,
11,2.06097E+18,305.336945,37.451237,-3.685937,-6.242342,0.056971,0.057967,0.481808,0.058688,16.863941,18.216602,15.7201,0.977334,0.972695,mcmc,,,305.409139,37.412596,Berkeley_87,no known OC,,
11,2.06097E+18,305.267319,37.60812,-3.58004,-6.09458,0.014278,0.014348,0.565172,0.014333,14.084552,14.919638,13.176291,1.058359,0.993512,mcmc,,,305.409139,37.412596,Berkeley_87,no known OC,,
11,2.06097E+18,305.356454,37.502472,-3.757315,-6.349855,0.025833,0.028149,0.54429,0.025439,15.48756,16.593147,14.443576,1.002795,0.987482,mcmc,,,305.409139,37.412596,Berkeley_87,no known OC,,
11,2.06097E+18,305.387755,37.554533,-3.651226,-6.239908,0.0309,0.039199,0.604881,0.034301,16.079485,17.293114,14.994307,0.993764,0.992282,mcmc,,,305.409139,37.412596,Berkeley_87,no known OC,,
11,2.06097E+18,305.426196,37.508921,-3.531724,-6.41148,0.048319,0.057541,0.605851,0.050721,16.83711,18.33628,15.664448,0.985659,0.986832,mcmc,,,305.409139,37.412596,Berkeley_87,no known OC,,
11,2.06097E+18,305.25643,37.474768,-3.560114,-6.310762,0.058901,0.055914,0.443067,0.055677,16.939209,18.277523,15.809055,1.033243,0.903269,mcmc,,,305.409139,37.412596,Berkeley_87,no known OC,,
11,2.06097E+18,305.338507,37.495191,-3.605128,-6.448297,0.147324,0.175027,0.431296,0.151291,18.641426,20.300373,17.411829,1.006414,0.932273,mcmc,,,305.409139,37.412596,Berkeley_87,no known OC,,
11,2.06097E+18,305.381606,37.512768,-3.613695,-6.079827,0.060119,0.072821,0.648348,0.059293,17.01714,18.49667,15.846067,1.039568,0.969111,mcmc,,,305.409139,37.412596,Berkeley_87,no known OC,,
11,2.06097E+18,305.350785,37.471293,-3.700509,-6.386617,0.041573,0.04534,0.582857,0.042099,16.233196,17.407984,15.140018,1.193282,0.988947,mcmc,,,305.409139,37.412596,Berkeley_87,no known OC,,
11,2.06097E+18,305.21282,37.489087,-3.54817,-6.181923,0.017411,0.016424,0.531054,0.017492,14.499423,15.2501,13.640354,0.967915,0.983738,mcmc,,,305.409139,37.412596,Berkeley_87,no known OC,,
11,2.06097E+18,305.259524,37.584886,-3.604162,-6.078113,0.024017,0.024775,0.577452,0.024397,15.468783,16.253546,14.586858,1.040421,0.98826,mcmc,,,305.409139,37.412596,Berkeley_87,no known OC,,
11,2.06098E+18,305.314793,37.695952,-3.628986,-6.178511,0.054182,0.064427,0.492142,0.056109,16.904602,18.15966,15.798036,1.055414,0.956929,mcmc,,,305.409139,37.412596,Berkeley_87,no known OC,,
11,2.06098E+18,305.103619,37.598441,-3.611727,-6.147056,0.021117,0.021849,0.572577,0.020307,15.197978,15.869521,14.388831,1.035426,0.967355,mcmc,,,305.409139,37.412596,Berkeley_87,no known OC,,
11,2.061E+18,305.489363,37.668192,-3.664443,-6.048287,0.060469,0.081809,0.565749,0.06606,17.263475,18.677969,16.115826,1.011501,0.956291,mcmc,,,305.409139,37.412596,Berkeley_87,no known OC,,
11,2.06096E+18,305.222573,37.350616,-3.545378,-6.323676,0.024345,0.023325,0.589889,0.024175,15.40839,16.196611,14.522911,1.006296,0.968776,mcmc,,,305.409139,37.412596,Berkeley_87,no known OC,,
11,2.06098E+18,305.114814,37.515801,-3.521204,-6.204916,0.033639,0.037865,0.549261,0.035194,16.116316,17.200369,15.083195,1.089573,0.960726,mcmc,,,305.409139,37.412596,Berkeley_87,no known OC,,
11,2.061E+18,305.551686,37.646658,-3.485925,-6.050191,0.018752,0.022599,0.563931,0.019733,14.830043,15.675625,13.913692,1.003358,0.96748,mcmc,,,305.409139,37.412596,Berkeley_87,no known OC,,
11,2.06098E+18,305.082892,37.615235,-3.581347,-6.151643,0.037419,0.037446,0.557716,0.035751,16.2873,17.202324,15.336733,0.963971,0.931774,mcmc,,,305.409139,37.412596,Berkeley_87,no known OC,,
11,2.06099E+18,305.230896,37.732073,-3.710474,-6.223014,0.013887,0.013072,0.576519,0.013215,8.541767,8.925007,7.970097,0.972748,0.965889,mcmc,,,305.409139,37.412596,Berkeley_87,no known OC,,
11,2.061E+18,305.432445,37.672937,-3.622032,-6.182572,0.030206,0.035786,0.582475,0.031976,15.584532,16.468187,14.643843,1.068258,0.991268,mcmc,,,305.409139,37.412596,Berkeley_87,no known OC,,
11,2.06097E+18,305.351924,37.42049,-3.740301,-6.22126,0.04549,0.051697,0.53818,0.047437,16.582779,17.85889,15.478386,1.043162,0.979806,mcmc,,,305.409139,37.412596,Berkeley_87,no known OC,,
11,2.06097E+18,305.475849,37.562466,-3.588227,-6.259268,0.103337,0.138008,0.436996,0.112907,18.114098,19.592201,16.964779,0.921603,0.959972,mcmc,,,305.409139,37.412596,Berkeley_87,no known OC,,
11,2.061E+18,305.366917,37.743722,-3.677896,-6.20988,0.023807,0.027334,0.59675,0.024987,15.419879,16.415522,14.424459,1.044347,0.964867,mcmc,,,305.409139,37.412596,Berkeley_87,no known OC,,
11,2.06099E+18,305.214656,37.640878,-3.653683,-6.312324,0.010183,0.010653,0.570026,0.010769,13.200592,13.884231,12.386275,1.084271,0.99302,mcmc,,,305.409139,37.412596,Berkeley_87,no known OC,,
11,2.06099E+18,305.165925,37.651937,-3.767178,-6.216351,0.017857,0.018092,0.54494,0.017563,14.791101,15.40346,14.024077,1.008007,0.935997,mcmc,,,305.409139,37.412596,Berkeley_87,no known OC,,
11,2.06098E+18,305.344752,37.601402,-3.536121,-6.253707,0.030051,0.031888,0.548648,0.031487,15.844479,16.895391,14.830161,0.996808,0.994808,mcmc,,,305.409139,37.412596,Berkeley_87,no known OC,,
11,2.06098E+18,305.364708,37.625985,-3.657866,-6.225242,0.017155,0.019583,0.525261,0.019278,14.683794,15.459321,13.809264,1.098743,0.988978,mcmc,,,305.409139,37.412596,Berkeley_87,no known OC,,
11,2.061E+18,305.555436,37.6713,-3.6412,-6.465151,0.031593,0.037763,0.585998,0.033278,15.973153,16.995996,14.964571,1.020577,0.968402,mcmc,,,305.409139,37.412596,Berkeley_87,no known OC,,
11,2.061E+18,305.610888,37.767346,-3.515069,-6.138888,0.027048,0.031566,0.568114,0.027751,15.531912,16.608185,14.501336,1.057687,0.905968,mcmc,,,305.409139,37.412596,Berkeley_87,no known OC,,
11,2.061E+18,305.442346,37.748257,-3.505759,-6.06773,0.019603,0.022735,0.579645,0.02085,14.969294,16.037252,13.941924,1.055548,0.94582,mcmc,,,305.409139,37.412596,Berkeley_87,no known OC,,
11,2.061E+18,305.409358,37.728839,-3.512734,-6.126859,0.030993,0.036195,0.569261,0.033436,15.939815,17.189005,14.837578,1.031736,0.973242,mcmc,,,305.409139,37.412596,Berkeley_87,no known OC,,
11,2.061E+18,305.542127,37.654616,-3.566554,-6.236931,0.029857,0.028555,0.537305,0.023762,13.797506,,,1.122075,0.989991,mcmc,,,305.409139,37.412596,Berkeley_87,no known OC,,
11,2.061E+18,305.393287,37.67986,-3.591562,-5.962851,0.014522,0.017908,0.547925,0.015531,14.271667,15.133842,13.344896,1.084032,0.964402,mcmc,,,305.409139,37.412596,Berkeley_87,no known OC,,
11,2.06099E+18,305.188806,37.636533,-3.715442,-6.223214,0.028716,0.029818,0.540618,0.029043,15.911925,16.813175,14.964275,0.992574,0.970948,mcmc,,,305.409139,37.412596,Berkeley_87,no known OC,,
11,2.06101E+18,305.328303,37.788859,-3.475726,-6.080906,0.010206,0.011289,0.55968,0.010538,11.829211,12.217339,11.262033,0.859918,0.93199,mcmc,,,305.409139,37.412596,Berkeley_87,no known OC,,
11,2.06101E+18,305.32222,37.812037,-3.607229,-6.02622,0.017086,0.016851,0.550991,0.016482,14.311736,14.767851,13.677592,0.991378,0.90054,mcmc,,,305.409139,37.412596,Berkeley_87,no known OC,,
11,2.061E+18,305.343698,37.724682,-3.539375,-6.083183,0.015598,0.017827,0.546791,0.016303,14.183462,15.141623,13.211068,1.197412,0.978723,mcmc,,,305.409139,37.412596,Berkeley_87,no known OC,,
