source_id,ra,dec,pmra,pmra_error,pmdec,pmdec_error,parallax,parallax_error,phot_g_mean_mag,phot_bp_mean_mag,phot_rp_mean_mag,bp_rp,ruwe,phot_bp_rp_excess_factor,nu_eff_used_in_astrometry,pseudocolour,ecl_lat,astrometric_params_solved,pmra_pmdec_corr,parallax_pmra_corr,parallax_pmdec_corr,phot_quality_ok,parallax_corrected,P_memb_3D
458008135565540736,38.72874103805507,57.47707945609827,-0.3004631369397398,0.04129715,-0.985879964908764,0.045371953,0.4218114841873649,0.054491114,16.264471,16.782919,15.569497,1.2134218,1.1016797,1.248239,1.4707462,,39.77701313529741,31,-0.16052641,0.049821816,0.020600718,True,0.45055248418736493,0.9501662819906965
458003497000741120,38.32366136210715,57.33740381698407,-0.3458315316556775,0.01574437,-0.9810878499106288,0.015667854,0.4333576668001194,0.018946841,14.281146,14.692581,13.685416,1.007165,1.0587955,1.2250971,1.5155702,,39.737619483738975,31,-0.12924406,0.20230657,0.072266795,True,0.4675666668001194,0.9098657925900888
458011434100418816,38.65126736951019,57.52566343116425,-0.2885320304436455,0.013046124,-1.051763153986746,0.0144273285,0.4184570835350149,0.01814708,13.935825,14.325761,13.357216,0.96854496,1.056219,1.2236265,1.5251315,,39.83827563503079,31,-0.11305552,0.08685049,-0.029316157,True,0.4528020835350149,0.9589474411022225
458008028181489024,38.72134212030813,57.46717731957855,-0.3179258958791794,0.051754087,-1.0851552653392962,0.05353486,0.2892605965309632,0.06406297,16.746223,17.429617,15.939336,1.4902811,1.0010338,1.2715155,1.4212407,,39.76956042853448,31,-0.26071978,0.08906403,0.016749678,True,0.3190655965309632,0.9126171767648137
458008719680938752,38.54830220004542,57.35523198416463,-0.2300110825921819,0.05821707,-1.0601399776492302,0.0652112,0.4777728522883713,0.074764304,17.049442,17.775906,16.222645,1.5532608,1.0430515,1.2728642,1.4071832,,39.70481962364773,31,-0.07729821,0.079312995,0.017995678,True,0.5081678522883712,0.932512789510891
458005764743443072,38.560127371234174,57.348542615783046,-0.2412208763442171,0.061224524,-0.958695172970867,0.06464785,0.3843530661537073,0.076899916,17.126492,17.842144,16.302952,1.5391922,1.0415976,1.2738801,1.4089187,,39.69612213818408,31,-0.21433802,0.059665177,-0.03909277,True,0.4147340661537073,0.9379398858612699
458016656780452224,38.241409408630126,57.46142348559965,-0.2187147201978203,0.038206846,-1.1135374944918568,0.040645685,0.3478289112223112,0.04625511,16.266298,16.823633,15.547054,1.2765789,1.0282574,1.2504576,1.4578003,,39.86894515859744,31,-0.12865023,0.085281886,0.15800749,True,0.3767059112223112,0.9160057080638373
458017756292135680,38.06347623316129,57.41045691232404,-0.27098466625506,0.02639798,-1.075436072629674,0.027702482,0.4027565851886052,0.030251395,15.471327,15.909031,14.855971,1.0530596,1.0175178,1.2265195,1.5026922,,39.86143222284152,31,-0.1293323,0.0689182,0.13028578,True,0.4362865851886052,0.9538634991514467
458017756292135936,38.07082279554117,57.40874546837366,-0.2389541214089848,0.065071136,-1.1296153031111464,0.06941704,0.4133764010859604,0.07948931,17.226274,18.08142,16.328997,1.7524242,1.0354528,1.2918053,1.3717618,,39.85825530774886,31,-0.108867146,0.047259897,0.22267471,True,0.4454474010859604,0.909727819328028
458011502819660160,38.53175674410975,57.47159645472336,-0.2832528149094587,0.03578855,-1.0293021965321956,0.03946725,0.3835158515116724,0.045655224,16.068377,16.578327,15.374539,1.2037878,1.0281773,1.2509376,1.4723642,,39.81483394683315,31,-0.22112498,0.1635377,0.0005674184,True,0.4129608515116724,0.9530200871779987
458019783516650496,38.13727978089904,57.46685838105491,-0.3421465810169528,0.042575937,-1.0363895675049348,0.04129333,0.4421542373695052,0.049846787,16.428207,17.169632,15.587162,1.5824699,0.9812276,1.2796885,1.4052699,,39.89672590935301,31,-0.08627975,0.17247385,0.07083409,True,0.47223923736950524,0.9159407234859255
458019852236111616,38.18533084805614,57.478754158038,-0.2914530082751048,0.020588784,-1.1058818882349102,0.021405118,0.4544650810254971,0.024530983,15.034917,15.420552,14.464298,0.956254,1.0056932,1.2203773,1.5249319,,39.897055408583086,31,-0.10531103,0.08980814,0.11017264,True,0.4880430810254971,0.9476415000529399
458020401991940096,38.03579572616986,57.48235767687999,-0.3383654970508191,0.07428127,-0.9504640994814584,0.079904355,0.5269917509414543,0.092048,17.564125,18.3493,16.70408,1.6452198,0.9777687,1.2813427,1.3968734,,39.93314824874841,31,-0.11307715,0.06246508,0.042680237,True,0.5573467509414544,0.9164262757455406
458002569287793152,38.4455638106169,57.33747751898751,-0.2917432898496435,0.024435014,-1.1037152282918965,0.026787387,0.4169367488869842,0.030529052,15.391759,15.90536,14.701731,1.2036295,1.0180124,1.2466223,1.4742519,,39.711016039459054,31,-0.14479965,0.23252128,-0.0419906,True,0.45086174888698416,0.9457789927278151
458012052575427072,38.593050808943694,57.52269340369769,-0.3357563706540435,0.02083011,-1.0723118650750942,0.024030402,0.3904508569292994,0.029022884,14.959185,15.35647,14.373252,0.9832182,1.0509821,1.2250656,1.5200622,,39.84821217094174,31,-0.22601423,0.09749162,0.0055595194,True,0.42414085692929937,0.9125535657440237
458008062541226624,38.74093517337136,57.46290330325925,-0.2718866263465496,0.055581138,-1.0948311827265438,0.057744656,0.3527671880647937,0.07123926,16.951267,17.794128,16.048933,1.7451954,1.0123974,1.3000507,1.3747587,,39.76139632044477,31,-0.18913013,0.02124222,-0.02453824,True,0.38451818806479365,0.9292464371287796
458010265869085952,38.477717723212976,57.46854422175964,-0.3185771995161394,0.020537859,-1.1277034233768075,0.021549124,0.4066542401455726,0.026323734,14.938556,15.428244,14.267813,1.1604309,1.025482,1.2426937,1.4816262,,39.82382065033397,31,-0.23321576,0.16846669,0.01233965,True,0.4407122401455726,0.9197082458421988
458015282390973696,38.21940302821412,57.38861620622679,-0.3236687082332867,0.021851439,-1.142515074200415,0.021806952,0.4268147412887912,0.027198238,15.184331,15.6516075,14.532975,1.1186323,1.0304177,1.238511,1.4900256,,39.80726014481268,31,-0.09407841,0.168368,0.1185573,True,0.4606617412887912,0.9074567966471306
458023318268102912,38.31075464685537,57.54571627516899,-0.3076753366682897,0.052413795,-1.0213596351047858,0.05607977,0.4074426133537026,0.06742535,16.828173,17.533695,16.011925,1.5217705,0.9728269,1.271381,1.4162185,,39.9307744545829,31,-0.20082584,0.041469123,0.06422322,True,0.4374136133537026,0.9385686402978667
458023528728025856,38.324833653516464,57.58056851076464,-0.2796387573054799,0.019388007,-1.0224296649092162,0.020353092,0.4041257329938874,0.02409807,14.80609,15.191018,14.24036,0.95065784,1.0283453,1.2175107,1.5270231,,39.95953420995884,31,-0.18772148,0.07322622,0.037701074,True,0.43782073299388735,0.9615058678730553
458012533611724032,38.58508535343739,57.58073325913931,-0.3045852961428777,0.049813744,-1.131392515935639,0.05196741,0.5183630897641941,0.06370087,16.828762,17.516272,16.013086,1.5031853,0.91216177,1.2772453,1.4191318,,39.90300690194019,31,-0.1554899,0.11819305,0.050395247,True,0.548256089764194,0.9182554154253777
458016549399162112,38.24947669545127,57.43094172563959,-0.2968975186989024,0.03344612,-1.115093222842958,0.035654515,0.4045809264394848,0.043060027,16.0745,16.570053,15.349815,1.2202377,0.9996144,1.2799718,1.4780483,,39.839334962629394,31,-0.1555645,0.1664475,0.10395128,True,0.4338099264394848,0.9358093308358227
458011674618335744,38.54739660371251,57.49155778217766,-0.2957357438479313,0.0427899,-1.014846644254606,0.046416804,0.4501301136543922,0.05664194,16.409706,17.034021,15.632251,1.4017706,1.062041,1.2694564,1.437034,,39.8296781142825,31,-0.23430827,0.1410205,0.025203623,True,0.4794001136543922,0.9499867949596459
458010197152415872,38.42846644101788,57.462500013312265,-0.2921023621010998,0.033430595,-1.0797972893868286,0.03435676,0.4422994131722045,0.040759835,15.953414,16.463297,15.271702,1.1915951,1.0113566,1.242109,,1.485168,39.82903972513153,95,-0.1461127,0.111694485,0.10027201,True,0.4732784131722045,0.9474503785688577
458019611717961216,38.095136409788864,57.469390507584464,-0.2428974682683054,0.03746858,-1.1387737039711474,0.04006646,0.436436153143112,0.045725834,16.358019,16.978224,15.594701,1.383523,1.0292981,1.2598602,1.4411823,,39.9082833238279,31,-0.06824767,0.06498928,0.03403048,True,0.465595153143112,0.9284102975066499
458014904433879552,38.26862024228265,57.34425736804744,-0.2029626248788547,0.016579332,-1.0140432724270316,0.016905684,0.4302570405176913,0.019930217,14.522241,14.916621,13.943699,0.9729223,1.0543568,1.221513,1.5216426,,39.75594256986842,31,-0.060656138,0.14674301,0.03899369,True,0.46425704051769134,0.9260790158913682
458014732635178752,38.10090997387992,57.37878096728296,-0.1927729917470176,0.040697142,-1.0347861035977717,0.041571673,0.3685567476980769,0.046045173,16.383951,16.968449,15.623943,1.3445053,1.0184053,1.2709694,1.4499325,,39.82428410309516,31,-0.15300792,0.046398092,0.16638486,True,0.3976007476980769,0.9073744468396892
458014457757286144,38.136945202670624,57.35436190241677,-0.2687747521798202,0.02624932,-1.0899117777761498,0.02786004,0.432599661634877,0.031413537,15.506435,15.949986,14.875784,1.0742025,0.9829091,1.2344434,1.500186,,39.79406677169008,31,-0.073271774,0.12949474,0.27158585,True,0.466157661634877,0.9521858387197614
458014973153348096,38.24221563196885,57.35834563435617,-0.2515860138403011,0.045622516,-1.1067249823469218,0.045764707,0.4249661001482737,0.055132873,16.61079,17.340528,15.741021,1.5995073,1.0278076,1.3081369,1.4067205,,39.77460377784307,31,-0.13766043,0.0822094,0.1545215,True,0.4551221001482737,0.9359560370896594
458022738454125440,38.25171903870896,57.48013541900008,-0.2737411182516451,0.03900329,-1.101241117842172,0.04327453,0.3893833166695278,0.04734415,16.159842,16.691858,15.45142,1.2404385,1.0218037,1.2526006,1.4669963,,39.88377990411337,31,-0.13543637,-0.041855812,0.12529945,True,0.4181063166695278,0.941437485361572
458023219490406400,38.33133602817245,57.54600025368081,-0.2995962084565085,0.0120538,-1.1498805866231308,0.012776847,0.387172189786213,0.015736049,13.582097,13.950202,13.030721,0.9194813,1.0358086,1.216146,1.5346472,,39.92653918949231,31,-0.178574,0.088200696,0.05917311,True,0.421683189786213,0.9301596975298266
458023253850133376,38.351770436992666,57.55625737622413,-0.236762428517115,0.020727022,-1.0540297633429028,0.022094302,0.4278007847910926,0.027472172,14.9174795,15.414879,14.238898,1.1759806,1.0247272,1.2450814,1.479359,,39.93144834999024,31,-0.1647772,0.103810124,0.03151828,True,0.46185478479109265,0.9521840585167106
458023356929636224,38.27829402136726,57.549665321159466,-0.2675073496837872,0.018469881,-1.1343855786975623,0.020365935,0.4219691829810225,0.024245441,14.651921,15.082966,14.039935,1.0430307,1.0798233,1.2272022,1.5061555,,39.94147327551821,31,-0.15612599,0.03292586,0.03266919,True,0.4559451829810225,0.9443653232661718
458029095005597184,38.248868418858905,57.66142657726844,-0.2106053102695476,0.056409672,-1.030397212359668,0.059304047,0.5412890739824066,0.066609204,16.965677,17.759624,16.096432,1.6631927,0.998253,1.28642,1.3924824,,40.04995207645963,31,-0.24316795,-0.09102832,0.16791081,True,0.5721670739824065,0.9269567509911878
458011331021205888,38.65944769418947,57.50460585756541,-0.2838040735137161,0.027080938,-1.0949531015830465,0.028006049,0.4218264190745349,0.033951394,15.417648,15.855134,14.791623,1.0635109,0.9910254,1.233944,1.5015285,,39.81724043650221,31,-0.14983884,0.007243967,0.047976416,True,0.4554164190745349,0.9490957966727983
458009922271731968,38.46287465414904,57.43258006593572,-0.317794077716806,0.027685465,-1.0835633292836493,0.031356163,0.3764732544210584,0.035326116,15.57066,16.061226,14.9083805,1.1528454,1.0579844,1.2362587,1.4829276,,39.79418223697783,31,-0.19302024,0.07769533,-0.030397002,True,0.4101822544210584,0.931349641106318
458022875893307264,38.25587942668864,57.50416945118657,-0.2310252922468649,0.032410722,-0.993335652520522,0.033858422,0.4460598051399701,0.038690507,15.9729395,16.467226,15.296052,1.171174,1.0216699,1.2451729,1.4802876,,39.9048215442342,31,-0.1178241,0.046744466,0.07592363,True,0.47777180513997014,0.9517499193021979
458023528728034176,38.31978592735867,57.57114563883748,-0.2696165127587577,0.0117516685,-1.152708458931766,0.012720249,0.4262455501877182,0.014825451,13.402436,13.728371,12.897608,0.83076286,1.0049385,1.207256,1.5538568,,39.95202943275752,31,-0.23137243,0.1184932,0.0044351253,True,0.4607945501877182,0.9406823164896035
458024731318868224,38.36410706795447,57.57588484280655,-0.2842643125669291,0.030882047,-1.0455138244832698,0.03437303,0.409759807269112,0.04095007,15.78668,16.254623,15.143819,1.1108046,1.0415887,1.2322443,1.4924984,,39.946686567758206,31,-0.10628927,0.112847745,0.067837276,True,0.44318680726911197,0.9546170359625878
458020505071132672,38.032230698130654,57.50691527596032,-0.2512255870437223,0.03181584,-1.1095079570413051,0.032200746,0.4239669402738162,0.038433675,15.953913,16.470245,15.268126,1.2021198,1.0408131,1.2423881,1.4743304,,39.95634451553112,31,-0.09653838,0.06410315,0.048019424,True,0.4562039402738162,0.9429606829609715
458012396172798080,38.5525241457028,57.54628769836464,-0.2664367305813759,0.020917175,-1.13077924796775,0.024639493,0.4138395411803316,0.027887762,14.690152,15.043903,14.150969,0.8929348,1.15208,1.2152115,1.5378599,,39.87859713149346,31,-0.2750749,0.042220525,0.095324986,True,0.4475525411803316,0.9441938015655117
458025555952547584,38.3751230114309,57.63934496213989,-0.210026709392435,0.060604867,-0.990945992564519,0.06355682,0.3572945780007658,0.07188084,17.080969,17.803963,16.247938,1.5560246,0.96517897,1.2792416,1.4108443,,40.00225231569938,31,-0.11413537,0.09308583,-0.005944813,True,0.38756857800076583,0.9223933979821969
458020122812272384,38.136739598203015,57.50389198427397,-0.2865555376752419,0.046651036,-1.0759603971964409,0.048384808,0.3836997241609666,0.056544982,16.751305,17.410168,15.958495,1.4516726,0.9984539,1.2689447,1.4293298,,39.93065697151112,31,-0.07526003,0.04705676,0.091251425,True,0.4132937241609666,0.9401801735288965
458022429216435968,38.38966825740741,57.52423174295731,-0.2723975046042673,0.03789328,-1.110150312021981,0.038474694,0.4477631384959761,0.048936762,16.200943,16.749971,15.491167,1.2588043,1.034012,1.2467037,1.4646288,,39.89391935671803,31,-0.1959807,0.10878224,0.05933455,True,0.4765271384959761,0.9420456519988935
458018958882967936,37.92290942840837,57.44469453365991,-0.3291114354516988,0.03457608,-1.1138019586061725,0.035969157,0.364131011346337,0.04162757,16.202808,16.749146,15.493557,1.2555885,0.9916922,1.2473966,1.4639841,,39.92360139831289,31,-0.20545517,-0.056633815,0.13830464,True,0.392898011346337,0.9059687394025934
458022119978814336,38.40886372296358,57.49120058791004,-0.2212312072858364,0.014397855,-1.020831255422822,0.015257362,0.4836893940809497,0.018901456,14.053632,14.468304,13.453269,1.0150347,1.0473061,1.226735,1.5123442,,39.85954752123661,31,-0.18219633,0.13963342,0.0025976968,True,0.5180263940809496,0.9475877815745738
458023047691739264,38.343865812766914,57.51297852534903,-0.2938270661696221,0.025650816,-1.0893356121865063,0.0249927,0.3870974219591325,0.03234022,15.204534,15.687986,14.541729,1.1462574,0.9984992,1.2396667,1.4847533,,39.89363646502015,31,-0.23673049,0.077052735,0.06263796,True,0.4209564219591325,0.9465528272941418
458023391289373440,38.27689681810025,57.551859238746616,-0.2527529668394298,0.04711964,-0.9723756126981768,0.049480267,0.5377763513830354,0.059661284,16.64609,17.327202,15.827089,1.5001125,1.0192604,1.2822565,1.4231938,,39.94378231268064,31,-0.15511055,0.009479602,0.015466948,True,0.5674573513830353,0.952301627979622
458022291777496832,38.35323336339392,57.51038922352176,-0.3163841881020146,0.061500777,-1.0421090141388123,0.061828922,0.3543126971621091,0.07257952,16.930033,17.736345,16.036762,1.699583,1.0189179,1.3034408,1.3891621,,39.88922508409868,31,-0.30124694,-0.011178494,0.13102362,True,0.3853256971621091,0.9229241695208544
458022532295700992,38.267993656187706,57.472253824000845,-0.2836211394038205,0.024619147,-1.1497130545117975,0.027299799,0.4262518629113526,0.031042103,15.237262,15.632811,14.661112,0.97169876,1.0834898,1.2193929,1.5208066,,39.873019336935,31,-0.17640436,0.050772365,0.01647292,True,0.4597408629113526,0.9349330826501082
458022532295702912,38.25533637445282,57.47179118065502,-0.2942530862105064,0.015141241,-1.0991984283190868,0.016442558,0.4399408726874274,0.018740574,14.242098,14.603825,13.700422,0.9034023,0.9762148,1.212968,1.5357962,,39.87536656299178,31,-0.1096768,0.06379946,0.08412096,True,0.4739918726874274,0.9493670196830977
458022562353600512,38.2634246654591,57.481758882390096,-0.3121663177401349,0.031005146,-1.0680236789346016,0.033167608,0.4643296030949043,0.03812893,15.823734,16.294153,15.17675,1.117403,1.0043551,1.2340654,1.4908116,,39.882701360257904,31,-0.13872917,0.08357245,0.036608126,True,0.4977766030949043,0.9414597057379619
458021604582766720,38.37790359780859,57.45604314369857,-0.2695874763538277,0.034879237,-1.0632515042173112,0.035872515,0.48285344087559,0.043378767,16.108654,16.62743,15.428429,1.1990013,0.97339255,1.2373306,1.4724846,,39.8341789515238,31,-0.16548285,0.12062601,0.08593798,True,0.51150744087559,0.95332054908603
458021845100927104,38.3112378346413,57.472990595041104,-0.2019824765132563,0.023759581,-1.036184458582163,0.024828276,0.396259106126812,0.028796045,15.2893,15.685234,14.711719,0.9735155,1.0045093,1.220159,1.520018,,39.8642337328879,31,-0.23140931,0.09994382,0.0810812,True,0.429725106126812,0.9210797213477726
458019199393796096,38.09948555391216,57.42810164020376,-0.3245875506479592,0.03925545,-1.0510716623076817,0.04018903,0.4073082789722714,0.03706478,15.75966,16.154863,15.051013,1.1038504,1.0246636,1.312433,1.5020334,,39.86963221261995,31,-0.33410797,-0.015785612,0.0099857,True,0.4406672789722714,0.93088044258955
458026105708451328,38.147188816616215,57.54265464637516,-0.3105431520290831,0.02174105,-1.0788965894775122,0.022320611,0.3950204858976711,0.026942408,14.872494,15.274558,14.285515,0.98904324,0.99901485,1.223552,1.51886,,39.96375567509372,31,-0.104149975,0.14660078,0.17389317,True,0.4287394858976711,0.9412518085507104
458022360496965120,38.4093366866116,57.51365965640906,-0.228476715641561,0.019647809,-1.0644574011172518,0.019578923,0.4108015030172166,0.024000244,14.692997,15.072593,14.130715,0.94187737,1.045379,1.2177676,1.5284176,,39.879967899457874,31,-0.20814523,0.13146646,0.042397395,True,0.44458950301721656,0.9455799617430474
458023322569628032,38.30156761368465,57.54189730276992,-0.2878424311401402,0.022783203,-1.031367873539207,0.024080297,0.4091224212497987,0.029317291,15.114763,15.516404,14.529131,0.9872732,1.0583673,1.2228504,1.518211,,39.92929306165703,31,-0.14497067,0.096760035,0.09359463,True,0.4426994212497987,0.9584127165972767
458017653212933632,38.07126668213143,57.38869683533621,-0.3361295598190262,0.051675465,-1.0790985202126415,0.05364609,0.3716239417734903,0.061878704,16.858273,17.550224,16.041431,1.5087929,0.9358988,1.2766314,1.4193892,,39.8398526978646,31,-0.13853179,-0.0039130733,0.20120962,True,0.4015319417734903,0.9064623537948044
458023941037297408,38.41160278088376,57.55330310669086,-0.306042875369045,0.036129303,-1.0155825354242058,0.039879825,0.498492267535249,0.052218113,15.790685,16.124876,14.811772,1.3131037,1.2501305,1.5700758,1.4820418,,39.91569791749742,31,-0.22029515,0.15895624,0.023422431,False,0.532049267535249,0.949277385949103
458024692655227904,38.39559761978519,57.55965486171338,-0.2862275038557155,0.050770473,-1.1419381825973345,0.054617178,0.5024879198053516,0.06592979,16.703981,17.415066,15.876244,1.5388222,1.0719439,1.278942,1.4145283,,39.924991213248965,31,-0.15745872,0.05169455,0.015126684,True,0.5324379198053516,0.9216614433514668
458026140068176128,38.16371043472972,57.55809197241684,-0.2320207802681815,0.076537766,-1.0216598040706557,0.07989838,0.3443494981521475,0.09211599,17.390913,18.337965,16.391163,1.9468021,1.0707972,1.3602326,1.3497375,,39.97423080033303,31,-0.17019235,0.07185277,0.18943925,True,0.37796549815214747,0.9185313420882258
458029060645866752,38.22378329978822,57.65012260810106,-0.252613388851753,0.023246832,-1.0911946906710148,0.024029408,0.3463537262344988,0.027378427,15.2416525,15.747727,14.560812,1.1869154,1.0609162,1.2430696,1.477268,,40.04511006845621,31,-0.21775225,-0.047551896,0.121101,True,0.3802157262344988,0.947922791648886
458019302480338432,38.13492316373615,57.43588665210097,-0.2303583556571636,0.033635665,-0.9841451534371284,0.035026774,0.415389407547391,0.04015987,16.090471,16.603264,15.409961,1.1933031,1.012116,1.240022,1.4754455,,39.86896241231415,31,-0.076737806,0.08448488,0.121528044,True,0.444241407547391,0.950325315478657
458023150770934016,38.36493131346476,57.536444203634055,-0.2651734567334009,0.026244817,-1.1261919262316895,0.028796481,0.4802678547089087,0.035748664,15.399504,15.893419,14.723151,1.170268,1.097918,1.2449427,1.4800475,,39.91047554385402,31,-0.19967699,0.10856254,-0.0389434,True,0.5140618547089087,0.9442571059694626
458024967535737856,38.35778386757364,57.59598142349994,-0.2899436782156292,0.08328433,-1.0776055675515377,0.08585363,0.3960431360132482,0.10229528,17.627878,18.653763,16.654894,1.998869,0.9751531,1.3132615,1.3444575,,39.966423400265285,31,-0.14676295,0.04877238,0.10062812,True,0.4285441360132482,0.9100121405541061
458025006196761728,38.33285927954035,57.597749378855966,-0.251370994298765,0.05939592,-1.1273691023018977,0.06265832,0.4541029444375467,0.07139914,17.10976,17.9168,16.237598,1.6792011,0.98590744,1.2847567,1.391912,,39.97347523891905,31,-0.16522016,0.016886862,0.07571946,True,0.4850969444375467,0.9210127811614922
458024765678604800,38.36876012246103,57.576548993886206,-0.3209816939677363,0.011879635,-1.0401769207830298,0.012914342,0.4012424653333484,0.015802003,12.728894,13.061976,12.218746,0.84323025,1.0690609,1.2070222,1.552549,,39.94627833914255,31,-0.14470756,0.079385534,-0.01522237,True,0.4234654653333484,0.9398958132907134
458025143635705856,38.36605292938038,57.60808235406066,-0.2864718836020513,0.047418818,-1.0815767189655157,0.05138305,0.388489214601062,0.056865927,16.674223,17.334888,15.879122,1.4557667,1.0117164,1.2701335,1.4279286,,39.97567366804174,31,-0.17559731,0.047781225,0.060533743,True,0.418069214601062,0.9385899541238187
458025384153849216,38.49326808033699,57.637176002340375,-0.2299646430905109,0.0211943,-1.1694036832540615,0.024247646,0.4312889951149604,0.026865777,15.020897,15.421476,14.4328375,0.9886389,1.0467204,1.2249569,1.5168666,,39.974552938644216,31,-0.18323441,0.006350749,0.01880632,True,0.4649249951149604,0.9132762855069598
458025487233078784,38.39466238083456,57.62244688514431,-0.2116603616253529,0.026110584,-1.03949460441233,0.029245567,0.419365447015056,0.032918043,15.4633045,15.906373,14.840732,1.0656414,1.0069926,1.2290801,1.5015676,,39.98255963807968,31,-0.17750315,-0.04932947,0.00883006,True,0.452871447015056,0.9338919595831152
458021634640436608,38.30662552168321,57.43031260993271,-0.2694235107263194,0.047203466,-1.0857325595488545,0.050231535,0.3098698187202548,0.060138296,16.755663,17.450153,15.913632,1.536521,1.0200286,1.2967004,1.4141295,,39.82625039991069,31,-0.13612409,0.1486609,0.094193,True,0.3398708187202548,0.9348173379055917
458022326137225344,38.392450767552006,57.517224159492606,-0.2789575560158844,0.020934897,-1.0768710799311223,0.021107838,0.4746555859780699,0.026191164,14.788314,15.16544,14.227449,0.9379902,1.0644122,1.2180104,1.5292082,,39.88690922415673,31,-0.22895996,0.08564669,0.061528433,True,0.5083685859780699,0.9561993383273293
458024078483833216,38.43987653940456,57.572105348715176,-0.2787687504930187,0.02173636,-1.115178330157713,0.023601338,0.4807990922360577,0.02804287,15.005161,15.390185,14.430836,0.95934963,1.0446227,1.2230982,1.523423,,39.92671592519813,31,-0.20769371,0.1583298,-0.01581869,True,0.5144010922360577,0.9482722377795473
458023288209900544,38.30244782217598,57.52808637519374,-0.3160956559127599,0.016530214,-1.067665893452796,0.017388575,0.4095889662515795,0.02154398,14.416152,14.838553,13.809222,1.0293312,1.058501,1.2276626,1.5109864,,39.91648565932379,31,-0.14896217,0.1041903,0.075979285,True,0.4436849662515795,0.9405146187969942
458023631807274880,38.44554014800335,57.52171551456404,-0.2112729736278366,0.015512079,-1.112238721720949,0.016006593,0.434091550008527,0.01971474,14.116264,14.490246,13.561559,0.9286871,1.0344131,1.2155048,1.5316387,,39.879434538795145,31,-0.23356883,0.0642639,0.06357555,True,0.468257550008527,0.9158755886168306
458023253850137984,38.35694713165434,57.551679008423854,-0.3328950621442819,0.038972985,-0.8806535456853068,0.041764952,0.4046374008718767,0.050753847,16.298523,16.90271,15.525828,1.3768816,0.98624355,1.2733233,1.4414756,,39.9261361363162,31,-0.16968329,0.08555029,0.036004808,True,0.4337584008718767,0.9236893957656566
458024422081198208,38.50025123551843,57.594319176733286,-0.2501752027283493,0.01275365,-1.1780382337458704,0.014271736,0.4414264528482252,0.017344138,13.566966,13.938712,13.01399,0.9247217,1.1448883,1.2154477,1.5322421,,39.933870638631625,31,-0.15957363,0.162406,-0.10588242,True,0.47595745284822516,0.9261803918167597
458025006196767872,38.33023129752074,57.58766189755287,-0.2998632901308186,0.015116458,-1.1060052053995708,0.016049238,0.4191434639902852,0.018982517,14.036587,14.397267,13.493451,0.9038162,1.0122293,1.2144029,1.5377222,,39.964835120368335,31,-0.13510291,0.16882178,0.12650017,True,0.4532994639902852,0.9445134501066081
458026002629214976,38.228687019896014,57.55819040374974,-0.2515319658453142,0.013504416,-1.1326583834491717,0.014121369,0.4060807678323514,0.017836053,13.0081415,13.38121,12.462172,0.9190388,1.0681292,1.210316,1.5347153,,39.9601031501661,31,-0.18984595,0.12481738,-0.043386873,True,0.4351437678323514,0.9428362304202214
458026311866858496,38.25328619271887,57.557790340126985,-0.2990104870894996,0.02279282,-1.0428135841105648,0.023944795,0.4025990698622098,0.027204733,15.058102,15.515639,14.412768,1.102871,1.0086064,1.238518,1.4935999,,39.95435935261812,31,-0.10885774,0.11417681,0.12140417,True,0.4364360698622098,0.9535051266227429
458022944612526976,38.25755148222822,57.52152136565169,-0.2553003647943045,0.026189582,-1.161310633764444,0.026624843,0.4430956210841594,0.032641232,15.387715,15.834796,14.761385,1.073411,0.9889465,1.2298899,1.4987762,,39.92030380530797,31,-0.13112052,-0.02163735,0.0705786,True,0.4766976210841594,0.9302720166007425
458023009030319104,38.33300746109862,57.51093613020725,-0.2556815924029573,0.024519006,-0.8970100712973625,0.024754079,0.4801261246001816,0.029997252,15.227654,15.628048,14.646067,0.9819813,0.99127257,1.2207438,1.5193838,,39.894142304142825,31,-0.21155342,-0.0034006878,0.08547062,True,0.5136291246001816,0.9601832422655174
458023322569627392,38.30177410201465,57.54278088922763,-0.3245177832836166,0.04652973,-1.049969771757563,0.049383093,0.3982204523535932,0.06253224,16.626522,17.223585,15.819852,1.4037333,1.0152413,1.3033222,1.4362503,,39.93005501372688,31,-0.16246796,0.08239014,0.13952194,True,0.4276034523535932,0.927042691732619
458023906685170816,38.39081745875464,57.54356720627205,-0.2490959420762689,0.013069176,-1.0916897895136048,0.014372829,0.4236839204916014,0.018265937,9.687481,9.987652,9.206292,0.7813597,1.1749305,1.2057223,1.5682101,,39.91133521371739,31,-0.21271272,0.0700478,0.039210718,True,0.4493549204916014,0.9525092191666652
458022738454361216,38.24648583264925,57.47632552194106,-0.3128565547716402,0.016777232,-1.0603034153970343,0.017735036,0.3767940421501919,0.01938408,10.995702,11.261487,10.55612,0.7053671,1.2728591,1.1987702,1.5860109,,39.88144532954343,31,-0.17131257,0.017456459,0.08067472,True,0.41070104215019193,0.9431423493708277
458023219490406656,38.33999943720743,57.544700248017016,-0.2772391006079505,0.02482324,-1.029385574660837,0.027006295,0.3757885912948489,0.033403162,15.35202,15.794138,14.726615,1.067523,1.0249764,1.2314528,1.5001022,,39.92346014287188,31,-0.17030661,0.07062958,-0.008874313,True,0.4093975912948489,0.9584275056574556
458026449305788032,38.28397369348196,57.584524722463314,-0.2862346730541475,0.021579962,-1.1581972829076912,0.021982089,0.4129639462508963,0.02559456,14.94404,15.336224,14.369694,0.96652985,1.008555,1.2197695,1.5220681,,39.972068542470346,31,-0.26056919,0.06162089,0.04990249,True,0.4466039462508963,0.9316872563467045
458026311866862208,38.25786483594983,57.5526589323547,-0.278021608034119,0.05220454,-1.1504490203891804,0.054198302,0.4844715614705983,0.06526102,16.782234,17.48467,15.971822,1.5128489,1.0756482,1.267674,1.4194908,,39.94867235546325,31,-0.15945973,0.06966619,0.087078065,True,0.5143245614705982,0.9186419997828925
458028098573197440,38.33431773329729,57.62596044898786,-0.2337398265358425,0.054160923,-1.005044294735786,0.05567868,0.4153719034249439,0.06270573,16.857832,17.544365,16.037472,1.5068932,0.96910197,1.2814497,1.4187465,,39.99892295955689,31,-0.16397506,-0.11224106,0.10082461,True,0.4452829034249439,0.9412028035229368
458023906685172608,38.40901842465557,57.53765966669365,-0.2593848166594011,0.012695671,-1.0667366549259838,0.013923456,0.4049214959303197,0.017542731,13.607064,14.027257,12.999406,1.0278511,1.0778786,1.2291585,1.5118887,,39.9019677035237,31,-0.22274509,0.12873611,-0.037704017,True,0.43953349593031965,0.9587065629746788
458025796470820352,38.22276561686852,57.51362514329803,-0.3122553129351551,0.03917453,-1.1280051076608684,0.0418291,0.4339912042513098,0.046558477,16.352764,16.93161,15.608192,1.3234177,1.0029111,1.261212,1.4513284,,39.920702635373104,31,-0.122106135,0.037526246,0.10421392,True,0.4629862042513098,0.920954326725452
458026174427918976,38.18770246661776,57.549235309689,-0.2406098135804082,0.048255317,-0.9713764415426522,0.05210246,0.4284829413976441,0.059894968,16.771944,17.538118,15.919389,1.6187296,0.93669015,1.2811642,1.4031087,,39.96089300785976,31,-0.15820606,-0.006047325,0.11555699,True,0.4588379413976441,0.948107979617017
458021776381456384,38.34163347376656,57.46298081429503,-0.2108686939766913,0.020183733,-1.0786194440860442,0.020541389,0.4198112129703947,0.024437994,14.780012,15.150293,14.227463,0.9228306,1.0130213,1.215867,1.5321721,,39.84844367238706,31,-0.20972067,0.10273797,0.09572052,True,0.4535182129703947,0.9256272318917426
458022257417770496,38.33655726508695,57.495394201166015,-0.2993116928097329,0.022373239,-0.9379075702154884,0.023390954,0.396607438256836,0.028346537,14.907057,15.298513,14.30321,0.99530315,1.1410881,1.2397847,1.5171765,,39.87916782632913,31,-0.20198204,0.062455464,0.07904049,True,0.43034743825683597,0.957090827106866
458009819192534016,38.47976038381175,57.40950792820388,-0.2990045952330833,0.04044116,-1.1103693423725862,0.043790303,0.352163368301287,0.052809764,16.374737,17.00198,15.603221,1.3987589,1.0052451,1.2636591,1.4355079,,39.76940489017493,31,-0.1367894,0.0992471,0.14054649,True,0.381453368301287,0.9293377975997889
458026999061619200,38.167396625277206,57.57694111591731,-0.2526520913173034,0.023667606,-1.0375100698022144,0.025846621,0.4402936691341588,0.030462071,15.322712,15.753361,14.712295,1.0410662,0.9927308,1.2263123,1.5062983,,39.99063155406859,31,-0.19055368,0.066817395,0.013797206,True,0.4738336691341588,0.958782472013478
458027892414760064,38.15901496583077,57.66298607581807,-0.2603936961080217,0.028320089,-1.087027458177273,0.02778617,0.4061530651693168,0.033630114,15.591558,16.212845,14.825497,1.3873482,1.0068252,1.2616044,1.4402956,,40.07100493745018,31,-0.20389895,-0.124707945,0.017767446,True,0.4403040651693168,0.9507415376465201
458028442173366400,38.28756451688484,57.65497340707368,-0.2546190939189208,0.050147075,-1.0209392682580982,0.052788973,0.4478367954805852,0.059120577,16.720375,17.418537,15.897462,1.5210752,1.0355333,1.2794527,,1.4253864,40.03561546364122,95,-0.17670494,-0.044273086,0.08662394,True,0.4782837954805852,0.9485856394723337
458067577914301312,37.95434062791335,57.52715751252443,-0.2540642559107695,0.0907592,-0.8410588972134176,0.09290019,0.4429995119997802,0.10973522,17.322632,18.04289,16.283455,1.7594357,1.2604573,1.4697478,,1.380236,39.99192718766427,95,-0.2406775,-0.060859155,0.13397418,True,0.4793915119997802,0.9044059233795041
458068574346668800,37.97374359308488,57.60881844044936,-0.3251053737701939,0.019643731,-1.1103076033553383,0.020311987,0.4527081712009788,0.024265716,14.936206,15.344014,14.34563,0.9983845,0.9964381,1.2233084,1.5153495,,40.06216394623411,31,-0.11239324,-0.10532574,0.03722928,True,0.4863831712009788,0.9203383697035125
458024696959130496,38.39476401516045,57.571442860083785,-0.2827410051694065,0.02728969,-1.0613308019478431,0.028017722,0.374060776279924,0.03313151,15.284703,15.690162,14.696099,0.9940624,1.0356029,1.223072,1.5152241,,39.93594280675983,31,-0.24289972,0.018616317,0.090553895,True,0.40755277627992403,0.9532147851182884
458026518025266432,38.264880454428365,57.58496130112043,-0.2420362034083759,0.039795563,-1.1134721330800348,0.04109076,0.3686691783195116,0.047715146,16.174906,16.7193,15.458614,1.260685,0.99689925,1.2534455,1.4624857,,39.97663791744773,31,-0.21642925,0.032568056,0.006629211,True,0.3974321783195116,0.932185331345966
458023150770947456,38.36151021830502,57.52016131668096,-0.2913077563882981,0.03218576,-0.95220912959336,0.033349592,0.4114808668547972,0.04004931,15.725191,16.216335,15.043009,1.1733265,1.0388225,1.2503443,1.478682,,39.89634597119441,31,-0.22781193,0.018311402,0.10385341,True,0.4451188668547972,0.9572391992618335
458028403509840000,38.31560394345328,57.67012995429548,-0.2421113359375744,0.097502835,-1.0346092304162369,0.10478945,0.5241815867241474,0.116886094,17.963387,18.895447,17.018282,1.8771648,1.0109038,1.3125601,1.3527598,,40.04333962645864,31,-0.1911143,0.04294193,0.06769247,True,0.5520935867241474,0.9111730978760346
458027892414762752,38.15089003569086,57.656910252112375,-0.2667245261839671,0.050731845,-0.9382558090506664,0.05135916,0.177925268073931,0.063055806,16.793625,17.550241,15.943952,1.6062899,1.042451,1.2818849,1.4006915,,40.06723630634251,31,-0.24065977,-0.12390417,-0.0131451,True,0.208371268073931,0.9331631370127663
458027205220044672,38.079530620463466,57.59388534577317,-0.2370702034266427,0.055592135,-1.108256735091157,0.05883274,0.5473383911967106,0.070366904,17.03487,17.804523,16.175692,1.6288319,1.0442243,1.2856666,1.4006336,,40.02533944968645,31,-0.21736977,-0.05907117,0.035896663,True,0.5779353911967106,0.9252012925886465
458024181563051008,38.48604034972329,57.56262447144053,-0.3132836928658375,0.015709126,-1.1406998435525997,0.017362356,0.3971275888257271,0.020223783,14.179141,14.522206,13.655403,0.86680317,1.1109264,1.2106203,1.5437722,,39.90799789326724,31,-0.20995335,0.10086902,0.023257317,True,0.4311595888257271,0.9211375336774217
458024765678598528,38.37686291817591,57.582718523536336,-0.2900876919285902,0.010817238,-1.143917071919213,0.0111359935,0.4179061726252302,0.014280724,13.087739,13.443086,12.549902,0.8931837,0.96902984,1.2135851,1.541362,,39.950147219416046,31,-0.18627578,0.1573958,0.007947488,True,0.4519821726252302,0.9392530320894655
458024937477293312,38.35171037305855,57.58237423833227,-0.280094443044481,0.015859662,-1.1954871155475966,0.015343156,0.3934199098236328,0.019178765,13.998017,14.370562,13.445135,0.9254265,1.0258883,1.2150086,1.5334905,,39.955318779072456,31,-0.22970964,0.08062204,0.09038686,True,0.4276329098236328,0.9171010749276871
458025143635702784,38.36028768981218,57.61604746179164,-0.2737190027714724,0.056487355,-0.9563904760954006,0.05804435,0.2968973559689223,0.06617086,16.842318,17.614912,15.982831,1.632081,0.98733646,1.2849644,1.3963193,,39.98420608324366,31,-0.23325601,-0.050013147,0.119090974,True,0.3275483559689223,0.9394550752015003
458010197149623424,38.4371468749311,57.45335029960743,-0.3255709945564615,0.05244685,-1.090707634205611,0.056114465,0.4611484641661496,0.066333175,16.825735,17.61384,15.951424,1.6624165,1.0460882,1.2926868,1.3915073,,39.81878245890938,31,-0.17554414,0.1004119,0.124832444,True,0.49200246416614957,0.9162141810716719
458012293093602048,38.5484557278271,57.523642757033095,-0.2785912979061095,0.05438962,-1.0973606666495912,0.06044679,0.4366475664569575,0.07212748,16.92632,17.643215,16.09115,1.5520649,0.9857562,1.2831271,1.4106663,,39.85878079098549,31,-0.2409533,0.12299932,0.043720968,True,0.4668475664569575,0.9329899877986686
458007688891541504,38.71268626062665,57.4345707836289,-0.3200715240564832,0.037482128,-1.0893363992420817,0.042938877,0.3299081106397895,0.05056492,16.175762,16.737183,15.458035,1.2791471,0.99813795,1.2476866,,1.4680942,39.74160921320839,95,-0.17401278,0.07540393,-0.18574464,True,0.3570161106397895,0.9202567255880992
458028132932929280,38.354831832766,57.63585539308549,-0.2489942035460106,0.05216311,-1.0755256292831838,0.058038417,0.3320373152185968,0.06357563,16.782038,17.521524,15.94283,1.5786943,1.0298144,1.2787971,1.4041836,,40.0034873302139,31,-0.17338313,-0.099309236,0.06431542,True,0.3623563152185968,0.9328304981617412
458027548817393920,38.20745726387011,57.62514823402028,-0.2518642217086487,0.03375203,-1.146314292495057,0.033964623,0.4531736919982251,0.03904805,15.91262,16.415533,15.229623,1.1859102,1.0047722,1.2459623,1.475498,,40.025878145972456,31,-0.26313204,-0.08571897,0.16678317,True,0.4863996919982251,0.9316313897119973
458028029853736576,38.28976429742436,57.60601092760474,-0.2070556443932469,0.054557215,-1.1109849305645714,0.05612692,0.5358547267187199,0.064866744,16.906443,17.627054,16.06311,1.5639439,0.9754197,1.2887037,1.4091394,,39.99042575478688,31,-0.15109086,0.019735463,0.06207282,True,0.5660817267187199,0.9069064064564295
458026140068182400,38.15550226060491,57.55007780776213,-0.2552215753346702,0.0444213,-1.1790918607994412,0.05149681,0.3814756361202242,0.057590477,16.600058,17.30873,15.778943,1.5297861,0.9877706,1.2742934,1.4149411,,39.96871169009724,31,-0.15196136,0.04896725,0.26498142,True,0.4113486361202242,0.906722954248688
458008788400403328,38.521097595192806,57.377508542561664,-0.3044812282159507,0.024465075,-0.9740994475874616,0.0273424,0.4345227660749325,0.032175142,15.411364,15.949631,14.703398,1.246233,0.9573147,1.2497113,1.4641523,,39.7311266755092,31,-0.17759307,0.091409996,-0.0004989724,True,0.4685407660749325,0.9557636279389456
458010128430155904,38.45806881675363,57.440957017860114,-0.217964816989804,0.023869416,-1.0624888952846323,0.025844196,0.3807298595428221,0.03034726,15.281283,15.739571,14.6367655,1.1028051,0.9990873,1.2376174,1.4938058,,39.80288855709704,31,-0.12530804,0.14362787,0.13381654,True,0.4144848595428221,0.9348827910311055
458016519341728256,38.22475435323174,57.43493085906427,-0.2508988516070005,0.04245178,-0.8189937124542965,0.043608777,0.50309918335949,0.05314366,16.42607,17.041325,15.660544,1.3807802,1.0979798,1.2634611,1.4421463,,39.84839414959892,31,-0.11222906,0.14851797,0.093678966,True,0.53228418335949,0.9388466240119878
458020711229554944,38.03700541597474,57.5173333589343,-0.2774173914732274,0.025356887,-1.1272353521467224,0.02779436,0.4108060205905451,0.03212734,15.482453,15.931912,14.852843,1.0790691,1.0318615,1.2311063,1.4983815,,39.96480423138624,31,-0.1360785,0.10572458,-0.029573021,True,0.4443400205905451,0.9427347366499091
458011812057291520,38.482351090155205,57.49616581684387,-0.2513409075876263,0.020573005,-1.0980014813519363,0.021301877,0.4486145874416146,0.0266173,14.809228,15.198593,14.22901,0.9695835,1.0040156,1.2249568,1.5232164,,39.8480591689878,31,-0.25495997,0.20368463,-0.017627899,True,0.4823775874416146,0.950818927419971
458074308120185600,38.088449044349545,57.63553036218537,-0.3023109919907851,0.102993086,-0.977758266933268,0.101279035,0.6484911149443604,0.12824616,17.926538,18.785465,17.011986,1.7734795,1.0432605,1.3060852,1.3634955,,40.06138885984246,31,-0.25065926,-0.19132584,0.072091185,True,0.6763121149443604,0.9110937955289127
458020883028245376,38.0664779917279,57.51626842381908,-0.2293187643361303,0.0522501,-0.9519435122379846,0.053120445,0.4435101887448609,0.06391144,16.90763,17.66471,16.03247,1.6322384,1.0151715,1.3035986,1.3973063,,39.957363857942845,31,-0.053872842,0.045764618,0.06068391,True,0.4741631887448609,0.9428313159580046
458021295345076992,38.05070141372831,57.55851617811312,-0.2841393469170534,0.03372621,-1.1024989345216594,0.03394116,0.4243518121902862,0.04192627,16.138695,16.726057,15.392624,1.3334332,1.0203494,1.2590408,1.4482061,,39.99938268314597,31,-0.2008652,-0.024219828,0.052870087,True,0.45327781219028623,0.9441216344340787
458015248031238400,38.21078194926351,57.38565940514542,-0.2945834811396554,0.019215606,-1.0793999260024352,0.018970435,0.4007337973101513,0.023131512,14.756104,15.225957,14.106778,1.1191788,1.0814258,1.2359616,1.4894611,,39.80644940686615,31,-0.0637799,0.16353735,0.10827481,True,0.4348307973101513,0.9510400992923698
458013564404094720,38.1865206578328,57.33669829826959,-0.2694602807832205,0.049690716,-1.160829591541731,0.051328707,0.4199987091587175,0.058478825,16.82662,17.60495,15.963413,1.6415367,0.9941725,1.2862766,1.3933132,,39.76704577984462,31,-0.16282836,0.066850305,0.21677196,True,0.4507817091587175,0.9152283591417563
458069295901170304,37.91879969308353,57.62237415952738,-0.2661243562160875,0.036993805,-0.8965609172698763,0.037639324,0.0962943114981108,0.04632008,16.308918,16.780582,15.651739,1.1288433,0.99565333,1.2407333,1.4869379,,40.08659167033818,31,-0.14552644,-0.09836402,0.072705604,True,0.1248243114981108,0.9285413377691264
458022738454120576,38.23924453854871,57.488812070545954,-0.2823700305689505,0.02867837,-1.070197739562058,0.031993784,0.375388698602345,0.036013525,15.395301,15.95591,14.66632,1.2895899,1.2276407,1.2565049,1.4570633,,39.89443492124184,31,-0.13323833,0.004432981,0.07308817,True,0.409443698602345,0.9514036467426437
458023047691993728,38.3485161678715,57.5202740817849,-0.2256259535330964,0.025197562,-1.1583222500231274,0.025886763,0.4493676471028626,0.033184018,15.272631,15.701008,14.6589365,1.0420713,0.98142743,1.2295663,1.5065842,,39.8992860876731,31,-0.21386024,0.043780938,0.080706224,True,0.4829676471028626,0.9140172315904841
458024044124101120,38.42037985082157,57.56849767737173,-0.3140873727685829,0.030621948,-1.1346439484989146,0.033032127,0.4245618803132963,0.039963234,15.716344,16.155552,15.099529,1.0560226,1.0145352,1.2268468,1.5013689,,39.927667940455,31,-0.24469428,0.17868376,-0.0052036275,True,0.45793488031329627,0.9191490417553584
458026719880692096,38.257887363230246,57.60168701967592,-0.3253452432249792,0.012800692,-1.0631096964376638,0.013877468,0.4153669555703752,0.016368099,12.150561,12.459872,11.648425,0.81144714,1.2799578,1.2138834,1.5538272,,39.99343866080535,31,-0.15221614,0.06158339,0.02621636,True,0.4381389555703752,0.9315007569305727
458022493632894464,38.28413906376575,57.46967137925514,-0.2726847627393073,0.012452942,-1.103722395051416,0.012899295,0.4083877699446626,0.014857076,11.844423,12.213348,11.267844,0.9455042,1.1677108,1.232182,1.537621,,39.867127975246646,31,-0.20898351,0.09743226,0.05869255,True,0.4511267699446626,0.9535281341434886
458077164281156864,38.1710968672706,57.767102563337744,-0.2913501736849492,0.043613516,-1.1751419306512412,0.04580413,0.4082008959689645,0.050949752,16.435905,17.067093,15.668835,1.3982582,1.0890679,1.2586834,1.437946,,40.16337735395221,31,-0.21008512,0.039186493,-0.1167029,True,0.4374208959689645,0.9077299895743569
458074518581381504,38.00891585792609,57.645539225129646,-0.2016266165072668,0.054712918,-0.9501793557847014,0.054731403,0.4741298024588306,0.067061245,16.862003,17.56658,16.032814,1.5337658,1.0318819,1.2824147,1.4148484,,40.08794648847948,31,-0.24980496,-0.13225265,0.030049222,True,0.5041458024588306,0.9247666772020278
458075892970869504,38.0294044770781,57.72205801984411,-0.2873055138430277,0.011703178,-0.9602795882518548,0.0123937875,0.3852113041468548,0.014131751,12.749138,13.07477,12.246221,0.8285494,0.97709143,1.2062266,1.5548737,,40.1532564520132,31,-0.16327858,-0.056342945,-0.038301904,True,0.4076393041468548,0.9628016144317395
458025487233082112,38.40134526799842,57.61673947278843,-0.3161985639946065,0.04687163,-1.071241853221763,0.04982216,0.4950471416716949,0.056353837,16.539505,17.233828,15.731809,1.5020189,0.9706278,1.2683039,1.4208826,,39.97588987566516,31,-0.23994233,-0.09821639,0.095941275,True,0.5247231416716949,0.932199559196788
458025212355181952,38.43208314741314,57.60069804052564,-0.2610218425025549,0.019847915,-1.15238401090273,0.024384117,0.3585235095744944,0.026695868,11.342761,11.614619,10.895773,0.7188463,1.2526433,1.1999226,1.5819155,,39.95453877895565,31,-0.13161801,0.09789893,-0.03647069,True,0.40522350957449443,0.9351971802084268
458025792166826240,38.21075641562222,57.51815983580285,-0.2733194765600427,0.042273473,-1.1794037260880867,0.041224215,0.3868895470843433,0.046818692,16.326931,16.904964,15.59132,1.3136444,0.98798305,1.254662,1.4541762,,39.92747208497967,31,-0.1559155,-0.009833494,0.105425276,True,0.4158325470843433,0.9100137645696926
458026346226583296,38.27770462095128,57.5707725946536,-0.2571610685673765,0.013404251,-1.067688746077267,0.014385029,0.4305860966047127,0.01665064,12.067085,12.403794,11.552276,0.85151863,1.2659886,1.2081401,1.5505366,,39.96087887504067,31,-0.16658409,0.07407221,0.028583005,True,0.4589960966047127,0.9585953599044943
458026964701879936,38.11707313585051,57.58399866433549,-0.2984380843713211,0.030362288,-1.123436595985856,0.0329347,0.4265208644997039,0.038228262,15.794004,16.302612,15.115789,1.1868229,1.046024,1.2401057,1.4750531,,40.00809162244784,31,-0.20944116,0.008969231,0.09146854,True,0.4601258644997039,0.9351121902727925
458024044124105984,38.42930287412759,57.56130127371466,-0.1948325715978782,0.0216381,-1.0605285387468018,0.023592554,0.4415225048688697,0.028517,14.82047,15.172441,14.286731,0.88570976,1.0956321,1.2126107,1.5392908,,39.919147753057295,31,-0.17670467,0.12649062,-0.09904061,True,0.4751145048688697,0.9047151987491505
458021982539875584,38.39303077617271,57.47000663490961,-0.2569516789534545,0.018676287,-1.0586008509490854,0.01959617,0.4588016049933479,0.023635251,14.754954,15.160647,14.169641,0.99100685,1.0343237,1.2207732,1.5187058,,39.8436356131426,31,-0.21482246,0.117740646,0.056326646,True,0.4926406049933479,0.9590167696202961
458074965257964288,38.06605753267376,57.67009117128541,-0.2067063301618103,0.020970002,-0.9477128735324262,0.021564629,0.4418640637366822,0.025547223,14.957175,15.364848,14.364234,1.0006142,1.0526925,1.2249522,1.5168991,,40.09782602126441,31,-0.21136715,-0.08631852,0.02831396,True,0.4755000637366822,0.9342556995663688
458075652452721664,37.972397421557694,57.69763694895373,-0.3224433016825496,0.015031314,-1.0194562685303228,0.016067917,0.3704866825220548,0.018767204,6.778999,7.237302,6.114681,1.122621,0.99171495,1.2516357,1.4996701,,40.14347123148118,31,-0.11839922,0.0014599522,0.086153984,True,0.4010956825220548,0.9394924840263273
458074587300846464,38.05927015486202,57.66008155022,-0.3092750922004432,0.057066236,-1.0760128118713808,0.056488708,0.3486806355214858,0.06875053,16.948519,17.6528,16.128035,1.524765,1.0320917,1.2753035,1.4139483,,40.09017993645403,31,-0.15864487,-0.14634553,-0.034266863,True,0.3787746355214858,0.9229440141796303
458075446294295552,37.99852996455625,57.68784513198205,-0.3191919864266068,0.011644442,-0.950320661513171,0.011561683,0.4440248505556562,0.014110961,12.675394,13.035081,12.13688,0.898201,1.0199537,1.2119308,1.5411832,,40.12881308142068,31,-0.20728905,-0.040217906,0.0036981793,True,0.46516785055565624,0.9482467688376678
458027377018704768,38.112765869930506,57.63368334519331,-0.2475305738400453,0.03436838,-1.1789306480766626,0.03380996,0.3523961602428317,0.04051977,15.992394,16.50005,15.313694,1.1863556,1.0068918,1.2408547,1.4769644,,40.05437974643189,31,-0.28815967,-0.09858164,0.029738395,True,0.3836221602428317,0.9101283053369855
458023906685162112,38.40435446383877,57.55054798433777,-0.2553723238653347,0.029228404,-1.0640412363868454,0.03212651,0.50756360496773,0.044082444,15.72685,16.248013,15.0312195,1.2167931,1.0169084,1.2475972,1.4711022,,39.91476101602487,31,-0.17997889,0.10185329,0.140672,True,0.54128160496773,0.9541502859357126
458025006196770816,38.32613488396767,57.5844923238929,-0.1994095348863126,0.04727532,-1.099991695514734,0.0499748,0.4763322523992926,0.05918531,16.66812,17.39191,15.837924,1.5539865,0.93371826,1.2766048,1.4127369,,39.962834104834656,31,-0.18755077,0.032393713,0.06365499,True,0.5063102523992926,0.9056842728404859
458025246714912000,38.447434209699054,57.61273973709261,-0.30219351986797,0.03308298,-1.110483213565483,0.035617005,0.4340537135762838,0.03954379,15.816291,16.29233,15.157995,1.1343346,1.0037414,1.2396387,1.4865249,,39.96219804355647,31,-0.07789733,0.08797971,0.060378935,True,0.4675277135762838,0.9363843004404117
458025384153848320,38.49287209479375,57.63981064225176,-0.2775418342796242,0.029532488,-1.0579497458210971,0.034439255,0.4958349317809646,0.03875309,15.688761,16.129604,15.0692835,1.0603209,1.0470288,1.2279415,1.5007204,,39.977046457110646,31,-0.18796659,0.012343344,0.06306227,True,0.5292149317809646,0.9557339185841581
458074312422947584,38.11032201792887,57.638174672665656,-0.3103539842446803,0.014024566,-1.1225679381365306,0.014138581,0.4303443365161299,0.016898077,13.79625,14.151926,13.258619,0.89330673,1.0992675,1.2132958,1.5411551,,40.05901335638886,31,-0.21515161,-0.09372819,-0.0026066892,True,0.4646233365161299,0.932748495366297
458074346782689152,38.06916516720173,57.63892057508311,-0.2592742967955684,0.026604865,-1.1599115036507197,0.027109941,0.3975331442746155,0.032974817,15.382931,15.820879,14.757539,1.0633402,1.0533534,1.2333008,1.5010786,,40.06870551205007,31,-0.16064392,-0.10870662,-0.05409644,True,0.4310631442746155,0.9300724768366772
458028064213786752,38.3106755170071,57.62707377426883,-0.3163995472349121,0.04071029,-1.076065711405214,0.04464758,0.3738572012281746,0.049101572,16.312775,16.915533,15.562025,1.353508,1.0580257,1.2567117,1.4463665,,40.00509680608449,31,-0.2298114,-0.110578574,0.18205082,True,0.4028942012281746,0.9290987398797128
458025590312275584,38.39677648138782,57.66089901305373,-0.2452144749135535,0.022884874,-1.0582953495393204,0.02479749,0.395890157989136,0.02629639,15.065804,15.471324,14.477262,0.9940624,0.991503,1.2230012,1.5154325,,40.01722301933859,31,-0.1154298,-0.03854654,0.020333111,True,0.429495157989136,0.9534581988289401
458026002629222016,38.215421612557954,57.55187473705868,-0.3034183056193518,0.01907811,-1.1791239983999555,0.021153195,0.4218837445739611,0.024016758,14.738852,15.200135,14.089993,1.1101427,1.0713823,1.2393596,1.4943541,,39.95723765755727,31,-0.13055052,0.031890392,-0.019107088,True,0.4558997445739611,0.9127618458987584
458028304731629824,38.25219159062072,57.632988498218985,-0.2812914255919998,0.047927715,-1.0834114753865465,0.05151721,0.4875566505977289,0.056765262,16.603848,17.294693,15.774576,1.5201168,1.0300176,1.2873073,1.418949,,40.02326306716175,31,-0.12634732,-0.021850564,0.19284771,True,0.5173146505977289,0.9416882707033918
458029919639295104,38.2731598227128,57.72997515958025,-0.2405138579729223,0.0180726,-1.14857316014082,0.018907305,0.3950074024909402,0.020713266,14.62639,15.022452,14.047859,0.97459316,1.0031981,1.220726,1.5213583,,40.107230746514574,31,-0.28045857,0.07216313,-0.008684891,True,0.4288214024909402,0.9308014503901213
458101903290712576,38.74169856168316,57.485105453740665,-0.2723828286211313,0.055330712,-1.1299851206407552,0.058106195,0.3860191641994018,0.07473235,17.011278,17.851498,16.11306,1.7384377,1.0569509,1.2972064,1.3784429,,39.78154353213993,31,-0.16288619,0.023654187,-0.024779536,True,0.4176051641994018,0.9207091912836496
458106679294307456,38.69562895286725,57.61672144770117,-0.321622434416777,0.01358391,-1.121740804902288,0.013589962,0.4512516320103742,0.016470624,13.621863,13.99765,13.058225,0.93942547,1.1627089,1.2204477,1.5313001,,39.91191888632636,31,-0.17185369,0.049449377,0.027114624,True,0.4857556320103742,0.9208786021446188
458075652452720000,37.96936912352251,57.70097778742576,-0.2576881874101169,0.012061471,-1.093662329657425,0.012751617,0.3952741290087584,0.014568986,12.007399,12.347988,11.485195,0.86279297,1.0854115,1.2108641,1.5494187,,40.14718185312423,31,-0.17180367,-0.040411837,-0.007652772,True,0.4277801290087584,0.9538814342663249
458075652452901760,37.97451572377864,57.69379410761292,-0.2253395955678179,0.014031413,-1.0660479133928575,0.014708046,0.41352334807759,0.0175027,13.888088,14.272183,13.3057575,0.9664259,1.0098647,1.2288218,1.5261738,,40.13950219820786,31,-0.17539804,-0.07729408,-0.055193484,True,0.44779534807759,0.9437233450743217
458068539987624320,38.00666192162267,57.60802175288868,-0.2600749355059077,0.05259706,-0.9279283357697652,0.056180194,0.466574473861325,0.06630951,16.896976,17.587172,16.083555,1.5036163,0.99364436,1.2744428,,1.4098035,40.05421431371956,95,-0.08165277,-0.085495725,0.16675286,True,0.498720473861325,0.9492914023782282
458106782373516416,38.70251400953278,57.63470020544732,-0.2611043355730192,0.015019612,-1.0898089527221215,0.016882814,0.3991005579153905,0.019267261,11.05392,11.350863,10.5758295,0.77503395,1.1190299,1.2054906,1.5705708,,39.92686671906384,31,-0.0833099,0.0065921196,0.1492629,True,0.43568155791539054,0.954664995362748
458074862178734208,38.1518050283969,57.68113092871442,-0.2795283557305851,0.03949174,-1.1061269853314022,0.040148746,0.4170967880748474,0.04592086,16.285007,16.857428,15.540758,1.3166695,1.0007268,1.2634894,1.4542133,,40.08914056677045,31,-0.22936821,-0.100032195,0.039165627,True,0.4459937880748474,0.9407355314758835
458118602123060864,38.552115509708806,57.66134558427379,-0.2359675795458128,0.06695465,-1.1161202555080103,0.06611615,0.5780832032649794,0.0825443,17.255678,18.095423,16.359735,1.7356873,1.0085372,1.2953382,1.3786436,,39.98385089049803,31,-0.09848795,0.03543928,0.05907614,True,0.6097922032649794,0.9127582545318426
458120354469696768,38.68275488156594,57.70956361011652,-0.3007216144982547,0.026693014,-1.0790138674099286,0.027636297,0.4006449757028711,0.031217461,15.53774,15.989321,14.901901,1.0874195,1.0506943,1.2344949,1.4965893,,39.99959339361938,31,-0.09512517,0.051961873,0.044200312,True,0.4341539757028711,0.9460067550413515
458119220598354432,38.50506353094019,57.65207735707156,-0.3077048124606788,0.017990222,-1.150235600427051,0.018986754,0.4127487115422846,0.02293672,14.650632,15.065468,14.053585,1.0118828,1.004427,1.2244289,1.5121298,,39.98560457149642,31,-0.137208,0.014667018,0.08388211,True,0.4466627115422846,0.923110433738664
458119220598356480,38.48863153875993,57.64460306813412,-0.2487558787423542,0.022708107,-1.0904249687818717,0.027613083,0.2726911454575052,0.029726807,15.1493435,16.098063,14.187371,1.9106913,1.028428,1.3236198,1.3540711,,39.98234761278397,31,-0.11733993,0.047156993,0.14312598,True,0.3102261454575052,0.942630931492829
458120320109962496,38.68015489795618,57.69698049853088,-0.3114678073431686,0.031315032,-1.1745109970543128,0.032239515,0.4431692177473031,0.03815491,15.908507,16.427107,15.221306,1.205801,1.0242634,1.2424806,1.4738349,,39.98865327257021,31,-0.1404565,0.034335047,0.09570322,True,0.4765292177473031,0.9031336869282551
458118533403585408,38.55636918565353,57.65419364338037,-0.230098131628529,0.031020489,-0.7956184312809245,0.03316902,0.5098784134396358,0.038249847,15.77892,16.409218,15.005293,1.403925,1.0147425,1.2641828,1.4363201,,39.97639098415011,31,-0.07811956,-0.024281424,0.006145836,True,0.5440524134396358,0.9271723997654261
458118636482794496,38.54898740436755,57.67648739399488,-0.329261180755226,0.03227598,-1.0443843649725748,0.03305869,0.3559927409120716,0.03951686,15.941069,16.541204,15.188019,1.3531857,1.0100121,1.2594998,1.4437233,,39.99836759818865,31,-0.12452393,0.047237474,0.036673244,True,0.38894974091207163,0.926058426284378
458105545422956032,38.74264509035407,57.56669188617365,-0.3353995673531479,0.013006483,-1.091999805170376,0.014363539,0.4547634588571073,0.018015133,13.87772,14.215466,13.360097,0.8553686,1.060457,1.2093871,1.5483111,,39.855972408877385,31,-0.078502886,0.07622661,-0.104058355,True,0.4890094588571073,0.9093933319732302
458106748013776256,38.7481724023539,57.63427691384913,-0.2901906212061157,0.05419968,-1.1603950914981145,0.057312507,0.4157498023176217,0.069238745,16.9923,17.564278,16.034569,1.5297089,1.0244946,1.4451927,1.4133583,,39.91658951030992,31,-0.11869056,0.0060597965,0.053284306,False,0.4458998023176217,0.907619967205942
458106748013777152,38.73034276581817,57.63413563320236,-0.2606054168591817,0.01801258,-1.1028040555845422,0.019030284,0.3770670826072898,0.02323561,14.662798,15.068039,14.070723,0.99731636,1.0438275,1.2254891,1.5160252,,39.9203214984956,31,-0.1548769,0.012091586,0.052696742,True,0.4109630826072898,0.9502908588794852
458123171961868032,38.46675805969261,57.77345064322632,-0.2519204580962131,0.043550137,-1.1478161511445248,0.041892044,0.3540408200133069,0.049554683,16.489061,17.099703,15.646113,1.4535894,1.02425,1.3281873,,1.4247222,40.10480730360224,95,-0.10323839,0.1603434,0.055967275,True,0.3843618200133069,0.9198829010269871
458119735994411904,38.47123574742993,57.72194656006795,-0.3267104770775914,0.029332664,-1.0558594237386572,0.029969152,0.4356461693417603,0.033805285,15.741893,16.20285,15.1079035,1.0949469,1.0482155,1.229094,1.4932712,,40.05679020716413,31,-0.06136878,0.058999218,0.04737198,True,0.4690521693417603,0.9317730246159861
458123373825319168,38.45540441426616,57.77011863679479,-0.2192124047817187,0.009835189,-1.0409964529368416,0.010018,0.4323161712075169,0.011423175,12.645812,12.929538,12.1928835,0.7366543,0.9446696,1.197271,1.5778192,,40.10422973470715,31,-0.12406527,0.030361105,0.056955293,True,0.4556611712075169,0.9426967922504675
